image_id	poem
img_83052	日往菲薇，月来扶疏。
img_83053	雷雨窈冥而未半，皦日笼光於绮寮。
img_83054	蕙风如薰，甘露如醴。
img_83055	槟榔无柯，椰叶无阴。
img_83056	绿叶翠茎，冒霜停雪。
img_83057	人皆可以为尧舜。
img_83058	人有不为也，而后可以有为。
img_83059	居移气，养移体。
img_83060	人有不虞之誉，有求全之毁。
img_83061	天下之本在国，国之本在家，家之本在身。
img_83062	大人者，不失其赤子之心者也。
img_83063	诚者，天之道也思诚者，人之道也。至诚而不动者，未之有也不诚，未有能动者也。
img_83064	顺天者存，逆天者亡。
img_83065	如欲平治天下，当今之世，舍我其谁也。
img_83066	以力服人者，非心服也，力不赡也以德服人者，中心悦而诚服也。
img_83067	赏罚如加于身，赋敛如取已物，此爱民之道也。
img_83068	鸷鸟将击，卑飞敛翼猛兽将搏，弭耳俯伏圣人将动，必有愚色。
img_83069	木与木相摩则然，金与火相守则流
img_83070	时雨降矣，而犹浸灌，其于泽也，不亦劳乎！
img_83071	农夫无草莱之事则不比商贾无市井之事则不比
img_83072	福轻乎羽，莫之知载祸重乎地，莫之知避。
img_83073	凫胫虽短，续之则忧鹤胫虽长，断之则悲。
img_83074	以天下为沈浊，不可与庄语。
img_83075	美成在久，恶成不及改
img_83076	好面誉人者，亦好背而毁之。
img_83077	养其小者为小人，养其大者为大人。
img_83078	言近而指远者，善言也守约而施博者，善道也。
img_83079	求之有道，得之有命，是求无益于得也，求在外者也。
img_83080	人之易其言也，无责耳矣。
img_83081	失天下也，失其民也失其民者，失其心也。
img_83082	古之君子，过则改之。
img_83083	故声闻过情，君子耻之。
img_83084	得天下英才而教育之，三乐也！
img_83085	无恒产而有恒心者，惟士为能。
img_83086	仁者爱人，有礼者敬人。爱人者人恒爱之，敬人者人恒敬之。
img_83087	礼以行义，义以生利，利以平民，政之大节也。
img_83088	使能，国之利也。
img_83089	除腹心之疾，而置诸股肱，何益？
img_83090	清浊，小大，短长，疾徐，哀乐，刚柔，迟速，高下，出入，周疏，以相济也。
img_83091	言以足志，文以足言。
img_83092	不义不昵，厚将崩。
img_83093	见可而进，知难而退，军之善政也。兼弱攻昧，武之善经也。
img_83094	君子贵其身而后能及人，是以有礼。
img_83095	修己而不责人
img_83096	唯器与名，不可以假人
img_83097	夫有尤物，足以移人
img_83098	礼，经国家，定社稷，序民人，利后嗣
img_83099	夫宠而不骄，骄而能降，降而不憾，憾而能珍者鲜矣。
img_83100	天道远，人道迩，非所及也，何以知之？
img_83101	思则有备，有备无患
img_83102	信，国之宝也，民之所庇也
img_83103	凡有血气，皆有争心
img_83104	骄奢淫逸，所自邪也。
img_83105	一鼓作气，再而衰，三而竭。
img_83106	祸福无门，唯人所召。
img_83107	度德而处之，量力而行之
img_83108	止戈为武。
img_83109	修己而不责人，则免于难。
img_83110	筚路蓝缕，以启山林。
img_83111	欲加之罪，其无辞乎？
img_83112	皮之不存，毛将安傅？
img_83113	居安思危。思则有备，有备无患
img_83114	冬无愆阳，夏无伏阴，春无凄风，秋无苦雨
img_83115	非我族类，其心必异。
img_83116	君子务知大者远者，小人务知小者近者。
img_83117	人谁无过？过而能改，善莫大焉。
img_83118	家必自毁，而后人毁之。
img_83119	死亦我所恶，所恶有甚于死者，故患有所不辟也。
img_83120	士无事而食，不可也。
img_83121	诚者，天之道也思诚者，人之道也。
img_83122	子路，人告之以有过则喜。禹闻善言则拜。
img_83123	不违农时，谷不可胜食也
img_83124	寡助之至，亲戚畔之多助之至，天下顺之。
img_83125	祸褔无不自己求之者。
img_83126	圣人之行不同也，或远或近，或去或不去，归洁其身而已矣。
img_83127	西子蒙不洁，则人人皆掩鼻而过之，虽有恶人，齐戒沐浴，则可以祀上帝。
img_83128	国君好仁，天下无敌焉。
img_83129	孝子之至，莫大乎尊亲。
img_83130	长幼有序。
img_83131	上无礼，下无学，贼民兴，丧无日矣。
img_83132	教亦多术矣，予不屑之教诲也者，是亦教诲之而已矣。
img_83133	人皆有不忍人之心。
img_83134	焉有君子而可以货取乎？
img_83135	王顾左右而言他。
img_83136	惟仁者宜在高位。不仁而在高位，是播其恶于众也。
img_83137	仁也者，人也。合而言之，道也。
img_83138	惟仁者宜在高位。
img_83139	以天下之所顺，攻亲戚之所畔故君子有不战，战必胜矣。
img_83140	目之于色也，有同美焉。
img_83141	忧民之忧者，民亦忧其忧。
img_83142	枉己者，未有能直人者也。
img_83143	仁则荣，不仁则辱。今恶辱而居不仁，是犹恶湿而居下也。
img_83144	诸侯之宝三土地人民政事，宝珠玉者，殃必及身。
img_83145	弈之为数，小数也不专心致志，则不得也。
img_83146	欲为君尽君道，欲为臣尽臣道
img_83147	其交也以道，其接也以礼，斯孔子受之矣。
img_83148	一心以为有鸿鹄将至，思援弓缴而射之，虽与之俱学弗若之矣。
img_83149	闻诛一夫纣矣，未闻弑君也。
img_83150	至诚而不动者，未之有也不诚，未有能动者也。
img_83151	食之以时，用之以礼。
img_83152	自暴者，不可与有言也自弃者，不可与有为也。言非礼义，谓之自暴也吾身不能居仁由义，谓之自弃也。
img_83153	如知其非义，斯速已矣，何待来年。
img_83154	其交也以道，以接也以礼。
img_83155	志士不忘在沟壑，勇士不忘丧其元。
img_83156	巨屦小屦同贾，人岂为之哉。
img_83157	求则得之，舍则失之，是求有益于得也，求在我者也。
img_83158	君仁莫不仁，君义莫不义，君正莫不正。
img_83159	天油然作云，沛然下雨，则苗浡然兴之矣。
img_83160	杀一无罪，非仁也非其有而取之，非义也。
img_83161	君子莫大乎与人为善。
img_83162	三代之得天下也以仁，其失天下也以不仁。
img_83163	夫志，气之帅也气，体之充也。
img_83164	用下敬上，谓之贵贵用上敬下，谓之尊贤。贵贵尊贤，其义一也。
img_83165	苟得其养，无物不长苟失其养，无物不消。
img_83166	为渊驱鱼者，獭也为丛驱爵者，鹯也
img_83167	天下殆哉，岌岌乎。
img_83168	摩顶放踵利天下，为之。
img_83169	离娄之明，公输子之巧，不以规矩，不能成方员师旷之聪，不以六律，不能正五音尧舜之道，不以仁政，不能
img_83170	君子有三乐，而王天下不与存焉。
img_83171	明足以察秋毫之末，而不见舆薪，则王许之乎？
img_83172	心之官则思，思则得之，不思则不得也。
img_83173	人人亲其亲，长其长，而天下平。
img_83174	有恒产者有恒心，无恒产者无恒心。苟无恒心，放辟邪侈，无不为已。
img_83175	可以仕则仕，可以止则止。
img_83176	人不可以无耻，无耻之耻，无耻矣。
img_83177	为政不难，不得罪于巨室。
img_83178	人生天地之间，若白驹之过隙，忽然而已。
img_83179	老吾老，以及人之老幼吾幼，以及人之幼
img_83180	不耻不若人，何若人有？
img_83181	有为者辟若掘井，掘井九轫而不及泉，犹为弃井也。
img_83182	人告之以有过则喜。
img_83183	徒善不足以为政，徒法不能以自行。
img_83184	颂其诗，读其书，不知其人可乎？是以论其世也。
img_83185	不以文害辞，不以辞害志。以意逆志，是为得之。
img_83186	胁肩谄笑，病于夏畦。
img_83187	说大人则藐之，勿视其巍巍然。
img_83188	尊贤使能，俊杰在位，则天下之士皆悦而愿立于其朝矣。
img_83189	明君制民之产，必使仰足以事父母，俯足以畜妻子，乐岁终身饱，凶年免于死亡。
img_83190	易其田畴，薄其税敛，民可使富也。
img_83191	尊贤使能，俊杰在位，则天下之士皆悦，而愿立于其朝矣。
img_83192	孔子亦矙其亡也，而往拜之。
img_83193	仁人之于弟也，不藏怒焉，不宿怨焉，亲爱之而已矣。
img_83194	仁之实，事亲是也义之实，从兄是也。
img_83195	民之归仁也，犹水之就下，兽之走圹也。
img_83196	以不忍人之心，行不忍人之政，治天下可运之掌上。
img_83197	争地以战，杀人盈野争城以战，杀人盈城，此所谓率土地而食人肉，罪不容于死。
img_83198	君子引而不发，跃如也。
img_83199	天之生此民也，使先知觉后知，使先觉觉后觉也。
img_83200	梓匠轮舆，能与人规矩，不能使人巧。
img_83201	耻之于人大矣。为机变之巧者，无所用耻焉。
img_83202	民之归仁也，犹水之就下兽之走圹也。
img_83203	得天下英才而教育之。
img_83204	吾未闻枉己而正人者也，况辱已以正天下者乎。
img_83205	仁则荣，不仁则辱。
img_83206	博学而详说之，将以反说约也。
img_83207	以大事小者，乐天者也。
img_83208	为其象人而用之也。如之何其使斯民饥而死也。
img_83209	乐民之乐者，民亦乐其乐。
img_83210	天降下民，作之君，作之师，惟曰其助上帝宠之。
img_83211	保民而王，莫之能御也。
img_83212	拔一毛而利天下，不为也。
img_83213	无父无君，是禽兽也。
img_83214	善政得民财，善教得民心。
img_83215	虽有天下易生之物也，一日暴之，十日寒之。未有能生者也。
img_83216	是故君子有终身之忧，无一朝之患也。
img_83217	为高必因丘陵，为下必因川泽。
img_83218	惟顺于父母，可以解忧。
img_83219	尊贤使能，俊杰在位。
img_83220	恻隐之心，人皆有之
img_83221	君之视臣如手足则臣视君如腹心君之视臣如犬马，则臣视君如国人君之视臣如土芥，则臣视君如寇雠。
img_83222	志，气之帅也。
img_83223	权，然后知轻重度，然后知长短。物皆然，心为甚。
img_83224	贤者在位，能者在职。
img_83225	乐民之乐者，民亦乐其乐忧民之忧者，民亦忧其忧。
img_83226	不挟长，不挟贵，不挟兄弟而友。
img_83227	听其言也，观其眸子，人焉廋哉？
img_83228	人之患在好为人师。
img_83229	生亦我所欲，所欲有甚于生者，故不为苟得也。
img_83230	父子有亲，君臣有义，夫妇有别，长幼有序，朋友有信。
img_83231	君子之守，修其身而天下平。
img_83232	言者所以在意，得意而忘言。
img_83233	尾生与女子期于梁下，女子不来，水至不去，抱梁柱而死。
img_83234	彼窃钩者诛，窃国者为诸侯，诸侯之门而仁义存焉
img_83235	不得乎亲，不可以为人不顺乎亲，不可以为子。
img_83236	且君子之交淡若水，小人之交甘若醴。
img_83237	凡人心险于山川，难于知天。
img_83238	相呴以湿，相濡以沫，不如相忘于江湖。
img_83239	知其不可奈何而安之若命。
img_83240	哀莫大于心死。
img_83241	夫鱼食其饵，乃牵于缗人食其禄，乃服于君。
img_83242	君不肖，则国危而民乱，君贤圣则国安而民治，祸福在君不在天时。
img_83243	一者，阶于道，几于神。
img_83244	情同而亲合，亲合而事生之。
img_83245	见善而怠，时至而疑。知非而处，此三者道之所止也。
img_83246	利天下者，天下启之害天下者，天下闭之。
img_83247	外乱而内整，示饥而实饱，内精而外钝。
img_83248	道隐于小成，言隐于荣华。
img_83249	心以启智，智以启财，财以启众，众以启贤，贤之有启，以王天下。
img_83250	同天下之利者，则得天下擅天下之利者，则失天下。
img_83251	天下者非一人之天下，唯有道者处之。
img_83252	用之在于机，显之在于势。
img_83253	臣闻君子乐得其志。小人乐得其事。
img_83254	勿以身贵而贱人，勿以独见而违众。
img_83255	守职而不废，处义而不回。
img_83256	道也者，不可须臾离也可离，非道也。是故君子戒慎乎其所不睹，恐惧乎其所不闻。
img_83257	天下国家，可均也爵禄，可辞也白刃，可蹈也中庸不可能也。
img_83258	素富贵，行乎富贵素贫贱，行乎贫贱素夷狄，行乎夷狄素患难，行乎患难。君子无入而不自得焉。
img_83259	至乐无乐，至誉无誉。
img_83260	庸德之行，庸言之谨有所不足，不敢不勉
img_83261	辟如天地之无不持载，无不覆帱。辟如四时之错行，如日月之代明。
img_83262	愚而好自用，贱而好自专。生乎今之世，反古之道。如此者灾及其身者也。
img_83263	唯天下至诚为能尽其性。能尽其性，则能尽人之性。
img_83264	中也者，天下之大本也。和也者，天下之达道也。
img_83265	苟不至德，至道不凝焉。
img_83266	为政在人。取人以身。修身以道。修道以仁。
img_83267	虽有其位，苟无其德，不敢作礼乐焉。虽有其德，苟无其位，亦不敢作礼乐焉。
img_83268	君子无入而不自得焉。
img_83269	诚之者，择善而固执之者也。
img_83270	祸福将至，善必先知之不善，必先知之。故至诚如神。
img_83271	仁者，人也，亲亲为大。义者，宜也，尊贤为大。
img_83272	博厚，所以载物也。高明，所以覆物也。悠久，所以成物也。
img_83273	君子素其位而行，不愿乎其外。
img_83274	道之不行也，我知之矣知者过之愚者不及也。道之不明也，我知之矣贤者过之不肖者不及也。
img_83275	天之生物必因其材而笃焉。故栽者培之，倾者覆之。
img_83276	万物并育而不相害。道并行而不相悖。
img_83277	君子尊德性，而道问学，致广大，而尽精微，极高明，而道中庸。温故，而知新，敦厚以崇礼。
img_83278	泉涸，鱼相与处于陆，相呴以湿，相濡以沫，不如相忘于江湖。
img_83279	其次致曲。曲能有诚。诚则形。形则著。著则明。明则动。动则变。变则化。唯天下至诚为能化。
img_83280	肌肤若冰雪，淖约若处子不食五谷，吸风饮露乘云气，御飞龙，而游乎四海之外
img_83281	君子戒慎乎其所不睹，恐惧乎其所不闻。
img_83282	博学之，审问之，慎思之，明辨之，笃行之。
img_83283	君子之道，闇然而日章小人之道，的然而日亡。
img_83284	自诚明，谓之性自明诚谓之教。
img_83285	居上不骄，为下不倍。国有道，其言足以兴国无道，其默足以容。
img_83286	诚者，不勉而中不思而得从容中道，圣人也。
img_83287	今夫山一卷石之多，及其广大，草木生之，禽兽居之，宝藏兴焉。
img_83288	宽柔以教，不报无道，南方之强也。君子居之。
img_83289	诚者，非自成己而已也。所以成物也。成己仁也。成物知也。性之德也，合外内之道也。故时措之宜也。
img_83290	井蛙不可以语于海者，拘于虚也夏虫不可以语于冰者，笃于时也
img_83291	中庸其至矣乎！民鲜能久矣。
img_83292	国家将兴，必有祯祥国家将亡，必有妖孽。
img_83293	今夫天斯昭昭之多，及其无穷也，日月星辰系焉，万物覆焉。
img_83294	今夫地一撮土之多，及其广厚载华岳而不重，振河海而不洩，万物载焉。
img_83295	天地之道，可一言而尽也。其为物不贰，则其生物不测。
img_83296	君子内省不疚，无恶于志。君子之所不可及者，其唯人之所不见乎。
img_83297	文武之政，布在方策。其人存，则其政举其人亡，则其政息。
img_83298	君子遵道而行，半途而废吾弗能已矣。
img_83299	忠恕违道不远。施诸己而不愿，亦勿施于人。
img_83300	好人之所恶，恶人之所好，是谓拂人之性，灾必逮夫身。
img_83301	至诚之道可以前知。国家将兴，必有祯祥国家将亡，必有妖孽。
img_83302	天地之大也，人犹有所憾。故君子语大，天下莫能载焉，语小，天下莫能破焉。
img_83303	射有似乎君子。失诸正鹄，反求诸其身。
img_83304	舜其大知也与！舜好问而好察迩言。隐恶而扬善。执其两端，用其中于民。其斯以为舜乎！
img_83305	天地之道，博也厚也高也明也悠也久也。
img_83306	素富贵，行乎富贵素贫贱，行乎贫贱
img_83307	君子，不可以不修身。思修身，不可以不事亲。思事亲，不可以不知人。思知人，不可以不知天。
img_83308	愚而好自用，贱而好自专。
img_83309	生而知之或学而知之或困而知之及其知之，一也。
img_83310	君子和而不流强哉矫。中立而不倚强哉矫。国有道，不变塞焉强哉矫。国无道，至死不变强哉矫。
img_83311	诚者自成也，而道自道也。
img_83312	君子居易以俟命，小人行险以徼幸。
img_83313	道不远人。人之为道而远人，不可以为道。
img_83314	唯天下至诚，方能经纶天下之大经，立天下之大本
img_83315	万物并育而不相害。道并行而不相悖。小德川流大德敦化。
img_83316	有弗学，学之弗能，弗措也。有弗问，问之弗知，弗措也。有弗思，思之弗得，弗措也。有弗辨，辨之弗明，弗措
img_83317	天命之谓性率性之谓道
img_83318	人一能之，己百之。人十能之，己千之。
img_83319	福在积善，祸在积恶。
img_83320	涓涓不塞，将为江河。荧荧不救，炎炎奈何
img_83321	以饵取鱼，鱼可杀以禄取人，人可竭以家取国，国可拔以国取天下，天下可毕。
img_83322	上有好者，下必有甚焉者矣。
img_83323	夫人必自侮，然后人侮之家必自毁，而后人毁之国必自伐，而后人伐之。
img_83324	资之深，则取之左右逢其原。
img_83325	不以规矩，不能成方圆
img_83326	君子不动而敬，不言而信。
img_83327	以若所为，求若所欲，犹缘木而求鱼也。
img_83328	以五十步笑百步。
img_83329	民为贵，社稷次之，君为轻。
img_83330	不孝有三，无后为大。
img_83331	正己而不求于人则无怨。上不怨天，下不尤人。
img_83332	道在尔而求诸远，事在易而求之难。
img_83333	老吾老，以及人之老幼吾幼，以及人之幼。
img_83334	权，然后知轻重度，然后知长短。
img_83335	君子之泽，五世而斩。
img_83336	我善养吾浩然之气。
img_83337	出于其类，拔乎其萃。
img_83338	人不可以无耻。无耻之耻，无耻矣。
img_83339	生于忧患而死于安乐。
img_83340	仁者如射，射者正己而后发。发而不中，不怨胜己者，反求诸己而已矣。
img_83341	得道者多助，失道者寡助。
img_83342	古之人，得志，泽加于民不得志，修身见于世。穷则独善其身，达则兼善天下。
img_83343	人有不为也，而后可以有为也。
img_83344	登泰山而小天下。
img_83345	其进锐者，其退速。
img_83346	恭者不侮人，俭者不夺人。
img_83347	富贵不能淫，贫贱不能移，威武不能屈，此之谓大丈夫。
img_83348	夫孝者，善继人之志，善述人之事者也。
img_83349	恻隐之心，仁之端也羞恶之心，义之端也辞让之心，礼之端也是非之心，智之端也。
img_83350	天时不如地利，地利不如人和。
img_83351	爱人者人恒爱之，敬人者人恒敬之。
img_83352	好学近乎知。力行近乎仁。知耻近乎勇。
img_83353	君子之道，暗然而日章小人之道，的然而日亡。
img_83354	劳心者治人，劳力者治于人。
img_83355	君子动而世为天下道，行而世为天下法，言而世为天下则。
img_83356	尽信书，则不如无书。
img_83357	君子不怨天，不尤人。
img_83358	无为其所不为，无欲其所不欲。
img_83359	人之患，在好为人师。
img_83360	穷则独善其身，达则兼善天下。
img_83361	守经事而不知其宜，遭变事而不知其权。
img_83362	故音乐者，所以动荡血脉，通流精神而和正心也。
img_83363	得黄金百，不如得季布一诺
img_83364	彊弩之极，矢不能穿鲁缟冲风之末，力不能漂鸿毛。
img_83365	疑行无名，疑事无功。
img_83366	富贵不能淫，贫贱不能移，威武不能屈。
img_83367	君子怀德，小人怀土君子怀刑，小人怀惠。
img_83368	视其所以，观其所由，察其所安，人焉廋哉！人焉廋哉！
img_83369	穷不失义，达不离道。
img_83370	诚者，天之道也。诚之者，人之道也。诚者，不勉而中不思而得从容中道，圣人也。诚之者，择善而固执之者也
img_83371	生而知之者上也，学而知之者次也困而学之又其次也。困而不学，民斯为下矣。
img_83372	君子耻其言而过其行。
img_83373	行有不得者，皆反求诸己，其身正而天下归之。
img_83374	躬自厚而薄责于人，则远怨矣。
img_83375	良贾深藏若虚，君子盛德容貌若愚。
img_83376	鉴於水者见面之容，鉴於人者知吉与凶
img_83377	仁者爱万物，而智者备祸于未形，不仁不智，何以为国？
img_83378	以三寸之舌，彊於百万之师。
img_83379	聪以知远，明以察微。
img_83380	善用兵者，不以短击长，而以长击短。
img_83381	以权利合者，权利尽而交疏
img_83382	败军之将，不可以言勇。
img_83383	一沐三捉发，一饭三吐哺。
img_83384	人方为刀俎，我为鱼肉
img_83385	见人不正，虽贵不敬也见人有污，虽尊不下也。
img_83386	贵出如粪土，贱取如珠玉。
img_83387	道不同，不相为谋。
img_83388	力田不如逢年，善仕不如遇合。
img_83389	好学深思，心知其意。
img_83390	家贫则思良妻，国乱则思良相
img_83391	小不忍，则乱大谋。
img_83392	富而不骄，贵而不舒。
img_83393	规小节者不能成荣名，恶小耻者不能立大功。
img_83394	顾小而忘大，後必有害狐疑犹豫，後必有悔。
img_83395	酒极则乱，乐极则悲。
img_83396	浴不必江海，要之去垢马不必骐骥，要之善走。
img_83397	王侯将相宁有种乎？
img_83398	燕雀安知鸿鹄之志。
img_83399	运筹策帷帐之中，决胜于千里之外。
img_83400	运筹帷幄之中，制胜於无形
img_83401	自暴者，不可与有言也自弃者，不可与有为也。
img_83402	贵上极则反贱，贱下极则反贵，贵出如粪土，贱取如珠玉，财币欲其行如流水。
img_83403	智者千虑，必有一失愚者千虑，必有一得。
img_83404	一箪食，一瓢饮，在陋巷，人不堪其忧，回也不改其乐。贤哉回也！
img_83405	上兵伐谋，其次伐交，其次伐兵，其下攻城。
img_83406	人而无信，不知其可也。
img_83407	知彼知己者，百战不殆不知彼而知己，一胜一负，不知彼，不知己，每战必殆。
img_83408	用贫求富，农不如工，工不如商。
img_83409	天下有道则见，无道则隐。
img_83410	前虑不定，后有大患。
img_83411	功者难成而易败，时者难得而易失也。
img_83412	本富为上，末富次之，奸富最下。
img_83413	重足而立，侧目而视。
img_83414	论至德者不和于俗，成大功者不谋于众。
img_83415	道之以政，齐之以刑，民免而无耻。道之以德，齐之以礼，有耻且格。
img_83416	百里不贩樵，千里不贩籴。
img_83417	将受命之日则忘其家，临军约束则忘其亲，援枹鼓之急则忘其身。
img_83418	将顺其美，匡救其恶，故上下能哙亲也
img_83419	貌言华也，至言实也，苦言药也，甘言疾也。
img_83420	一日不作，百日不食。
img_83421	骄子不孝
img_83422	置将不善，壹败涂地
img_83423	智足以拒谏，言足以饰非
img_83424	贵上极则反贱，贱下极则反贵。
img_83425	法之不行，自于贵戚。
img_83426	以权利合者，权利尽而交疏。
img_83427	安危在出令，存亡在所任。
img_83428	其言必信，其行必果，已诺必诚
img_83429	事君数，斯辱矣朋友数，斯疏矣。
img_83430	善守者藏于九地之下，善攻者动于九天之上。
img_83431	攻其无备，出其不意。
img_83432	故将有五危，必死可杀，必生可虏，忿速可侮，廉洁可辱，爱民可烦。
img_83433	先行其言而后从之。
img_83434	君子不重则不威，学则不固。主忠信，无友不如己者，过则勿惮改。
img_83435	志士仁人，无求生以害仁，有杀身以成仁。
img_83436	与朋友交，言而有信。
img_83437	德之不修，学之不讲，闻义不能徙，不善不能改，是吾忧也。
img_83438	反听之谓聪，内视之谓明，自胜之谓彊。
img_83439	百战百胜，非善之善者也不战而屈人之兵，善之善者也。
img_83440	利而诱之，乱而取之，实而备之，强而避之。
img_83441	富而可求也，虽执鞭之士，吾亦为之，如不可求，从吾所好。
img_83442	饭疏食，饮水，曲肱而枕之，乐亦在其中矣。不义而富且贵，于我如浮云。
img_83443	蜚鸟尽，良弓藏狡兔死，走狗烹。
img_83444	兵无常势，水无常形，能因敌变化而取胜者，谓之神。
img_83445	四体不勤，五谷不分
img_83446	三思而后行。
img_83447	事父母，几谏，谏志不从，又敬不违，劳而不怨。
img_83448	先行其言，而后从之。
img_83449	善出奇者，无穷如天地，不竭如江海。
img_83450	学而不厌，诲人不倦。
img_83451	三人行，必有我师焉，择其善者而从之，其不善者而改之。
img_83452	己欲立而立人，己欲达而达人。
img_83453	默而识之，学而不厌，诲人不倦，何有于我哉！
img_83454	富与贵，是人之所欲也不以其道得之，不处也。
img_83455	弟子入则孝，出则弟，谨而信，泛爱众，而亲仁，行有余力，则以学文。
img_83456	内省不疚，夫何忧何惧！
img_83457	人而无信，不知其可也。大车无輗，小车无軏，其何以行之哉？
img_83458	故兵闻拙速，未睹巧之久也。
img_83459	温故而知新，可以为师矣。
img_83460	出其所不趋，趋其所不意。
img_83461	五行无常胜，四时无常位。
img_83462	夫子循循然善诱人
img_83463	佯北勿从，锐卒勿攻，饵兵勿食
img_83464	国有贤相良将，民之师表也。
img_83465	不义而富且贵，于我如浮云。
img_83466	古之所谓善战者，胜于易胜者也。
img_83467	能近取譬，可谓仁之方也已。
img_83468	我专为一，敌分为十，是以十攻其一也
img_83469	唯仁者能好人，能恶人。
img_83470	从心所欲不逾矩。
img_83471	道之以政，齐之以刑，民免而无耻。
img_83472	女为君子儒，无为小人儒。
img_83473	道千乘之国，敬事而信，节用而爱人，使民以时。
img_83474	邦有道，贫且贱焉，耻也邦无道，富且贵焉，耻也。
img_83475	敌近而静者，恃其险也远而挑战者，欲人之进也。
img_83476	无约而请和者，谋也。
img_83477	里仁为美，择不处仁，焉得知？
img_83478	善用兵者，避其锐气，击其惰归。
img_83479	杀敌者，怒也取敌之利者，货也。
img_83480	昔之善战者，先为不可胜，以待敌之可胜。不可胜在己，可胜在敌。
img_83481	君使臣以礼，臣事君以忠。
img_83482	知可以战与不可以战者，胜。
img_83483	诗可以兴，可以观，可以群，可以怨。
img_83484	激水之疾，至于漂石者，势也鸷鸟之疾，至于毁折者，节也。
img_83485	善战者，立于不败之地，而不失敌之败也。
img_83486	水之形避高而趋下，兵之形避实而击虚。
img_83487	学如不及，犹恐失之。
img_83488	视卒如婴儿，故可与之赴深溪视卒如爱子，故可与之俱死。
img_83489	君子之德风，小人之德草，草上之风必偃。
img_83490	过也，人皆见之更也，人皆仰之。
img_83491	辞卑而益备者，进也辞强而进驱者，退也。
img_83492	夫兵形象水，水之形，避高而趋下，兵之形，避实而击虚。水因地而制流，兵因敌而制胜。
img_83493	仁远乎哉？我欲仁，斯仁至矣。
img_83494	凡战者，以正合，以奇胜。
img_83495	贫而无谄，富而无骄
img_83496	居上不宽，为礼不敬，临丧不哀。吾何以观之哉！
img_83497	举直错诸枉，则民服举枉错诸直，则民不服。
img_83498	八佾舞于庭，是可忍也，孰不可忍也
img_83499	父在，观其志父没，观其行三年无改于父之道，可谓孝矣。
img_83500	君子矜而不争，群而不党。
img_83501	始如处女，敌人开户，后如脱兔，敌不及拒。
img_83502	近者说，远者来。
img_83503	今之孝者，是谓能养。至于犬马皆能有养不敬，何以别乎？
img_83504	君子食无求饱，居无求安。敏于事而慎于言，就有道而正焉。可谓好学也已。
img_83505	为政以德，譬如北辰，居其所，而众星共之。
img_83506	中人以上，可以语上也中人以下，不可以语上也。
img_83507	知彼知己者，百战不殆
img_83508	贤者以其昭昭，使人昭昭今以其昏昏，使人昭昭。
img_83509	敏而好学，不耻下问，是以谓之文也。
img_83510	投之亡地然后存，陷之死地然后生。
img_83511	能行之者未必能言，能言之者未必能行。
img_83512	千羊之皮，不如一狐之腋。
img_83513	不怨天，不尤人。
img_83514	毛羽未成，不可以高蜚
img_83515	志于道，据于德，依于仁，游于艺。
img_83516	巧言令色，鲜矣仁。
img_83517	相马失之瘦，相士失之贫。
img_83518	得不为喜，去不为恨。
img_83519	不知命，无以为君子也不知礼，无以立也不知言，无以知人也。
img_83520	众口铄金，积毁销骨。
img_83521	祸不妄至，福不徒来。
img_83522	桃李不言，下自成蹊。
img_83523	当断不断，反受其乱。
img_83524	君子成人之美，不成人之恶
img_83525	千金之裘，非一狐之腋也台榭之榱，非一木之枝也三代之际，非一士之智也
img_83526	岁寒，然后知松柏之后凋也。
img_83527	君子泰而不骄，小人骄而不泰。
img_83528	人弃我取，人取我与。
img_83529	忠告而善道之，不可则止，毋自辱焉。
img_83530	不在其位，不谋其政。
img_83531	君子周而不比，小人比而不周。
img_83532	己所不欲，勿施于人。
img_83533	父母之年，不可不知也。一则以喜，一则以惧。
img_83534	言必信，行必果。
img_83535	朝闻道，夕死可矣。
img_83536	我非生而知之者，好古，敏以求之者也。
img_83537	父母在，不远游，游必有方。
img_83538	其身正，不令而行其身不正，虽令不从。
img_83539	可与言而不与之言，失人不可与言而与之言，失言。知者不失人亦不失言。
img_83540	君子欲讷于言而敏于行。
img_83541	学而不思则罔，思而不学则殆。
img_83542	德不孤，必有邻。
img_83543	名不正，则言不顺言不顺，则事不成
img_83544	千人之诺诺，不如一士之谔谔。
img_83545	善守者，藏于九地之下，善攻者，动于九天之上，故能自保而全胜也。
img_83546	未知生，焉知死？
img_83547	鸟之将死，其鸣也哀人之将死，其言也善。
img_83548	益者三友，损者三友。友直友谅友多闻，益矣友便辟友善柔友便佞，损矣。
img_83549	知者乐水，仁者乐山。知者动，仁者静。知者乐，仁者寿。
img_83550	君子求诸己，小人求诸人。
img_83551	见贤思齐焉，见不贤而内自省也。
img_83552	逝者如斯夫！不舍昼夜。
img_83553	不患无位，患所以立。不患莫己知，求为可知也。
img_83554	不患人之不己知，患不知人也。
img_83555	君子不器。
img_83556	巧笑倩兮，美目盼兮，素以为绚兮。
img_83557	朽木不可雕也，粪土之墙不可杇也，于予与何诛？
img_83558	成事不说，遂事不谏，既往不咎。
img_83559	君子有九思视思明，听思聪，色思温，貌思恭，言思忠，事思敬，疑思问，忿思难，见得思义。
img_83560	天下熙熙，皆为利来天下攘攘，皆为利往。
img_83561	君子和而不同，小人同而不和。
img_83562	往者不可谏，来者犹可追。
img_83563	毋意，毋必，毋固，毋我。
img_83564	质胜文则野，文胜质则史，文质彬彬，然后君子。
img_83565	欲速则不达。
img_83566	君子坦荡荡，小人长戚戚。
img_83567	君子藏器于身，待时而动
img_83568	知之者不如好之者好之者不如乐之者。
img_83569	天与火，同人君子以类族辨物。
img_83570	洊雷，震君子以恐惧修省。
img_83571	山下出泉，蒙君子以果行育德。
img_83572	地中有山，谦君子以裒多益寡，称物平施。
img_83573	天与水违行，讼君子以作事谋始。
img_83574	风自火出，家人君子以言有物而行有恒。
img_83575	云雷，屯君子以经纶。
img_83576	安而不忘危，存而不忘亡，治而不忘乱
img_83577	志不强者智不达。
img_83578	夫尚贤者，政之本也。
img_83579	故大国之攻小国也，是交相贼也，过必反于国。
img_83580	赏赐不能喜，诛罚不能威。
img_83581	夫爱人者，人必从而爱之利人者，人必从而利之恶人者，人必从而恶之害人者，人必从而害之。
img_83582	有力者疾以助人，有财者勉以分人，有道者劝以教人。
img_83583	是故置本不安者，无务丰末。
img_83584	上之为政，得下之情则治，不得下之情则乱。
img_83585	仁人之事者，必务求兴天下之利，除天下之害。
img_83586	言则称于汤文，行则譬于狗豨。
img_83587	爱人者必见爱也，而恶人者必见恶也。
img_83588	丧虽有礼，而哀为本焉。
img_83589	善无主于心者不留，行莫辩于身者不立。
img_83590	万事莫贵于义。
img_83591	世俗之君子，贫而谓之富则怒，无义而谓之有义则喜。
img_83592	国无三年之食者，国非其国也
img_83593	子不能治子之身，恶能治国政。
img_83594	俭节则昌，淫佚则亡。
img_83595	天下从事者，不可以无法仪，无法仪而其事能成者，无有也。
img_83596	举物而暗，无务博闻。
img_83597	贫家而学富家之衣食多用，则速亡必矣。
img_83598	利之中取大，害之中取小。
img_83599	法不仁，不可以为法。
img_83600	兴天下之利，除天下之害。
img_83601	故君子力事日强，愿欲日逾，设壮日盛。
img_83602	慧者心辩而不繁说，多力而不伐功，此以名誉扬天下。
img_83603	兼相爱，交相利。
img_83604	不义不富，不义不贵，不义不亲，不义不近。
img_83605	言则称于汤文，行则譬于狗豨，伤矣哉。
img_83606	爱人利人者，天必福之恶人贼人者，天必祸之。
img_83607	名不徒生而誉不自长，功成名遂。
img_83608	仓无备粟，不可以待凶饥。
img_83609	近者不亲，无务求远
img_83610	口言之，身必行之。
img_83611	言不信者，行不果。
img_83612	原浊者，流不清行不信者，名必耗。
img_83613	治于神者，众人不知其功争于明者，众人知之。
img_83614	民有三患，饥者不得食，寒者不得衣，劳者不得息
img_83615	良马难乘，然可以任重致远良才难令，然可以致君见尊。
img_83616	江河之水，非一水之源也千镒之裘，非一狐之白也。
img_83617	甘井近竭，招木近伐。
img_83618	事无终始，无务多业。
img_83619	是故天地不昭昭，大水不潦潦，大火不燎燎，王德不尧尧者，乃千人之长也。
img_83620	且故兴天下之利，除天下之害，令国家百姓之不治也，自古及今，未尝之有也。
img_83621	人之生利也，然且犹尚有节葬埋者，人之死利也，夫何独无节于此乎。
img_83622	教人学而执有命，是犹命人葆而去其冠也。
img_83623	是以其财不足以待凶饥，振孤寡，故国贫而民难治也。
img_83624	是故江河不恶小谷之满己也，故能大。圣人者，事无辞也，物无违也，故能为天下器。
img_83625	故先民以时生财，固本而用财，则财足。
img_83626	轮匠执其规矩，以度天下之方圆
img_83627	因其国家去其无用之费，足以倍之。
img_83628	故时年岁善，则民仁且良时年岁凶，则民吝且恶。
img_83629	谄谀在侧，善议障塞，则国危矣。
img_83630	欲人之处高爵禄，则以让贤也多财则以分贫也。
img_83631	故大人之务，将在于众贤而巳。
img_83632	不知其子视其友，不知其君视其左右。
img_83633	君者，舟也庶人者，水也。水则载舟，水则覆舟。
img_83634	居必择乡，游必就士。
img_83635	天地生君子，君子理天地。
img_83636	不教而诛，则刑繁而邪不胜教而不诛，则奸民不惩。
img_83637	怒不过夺，喜不过予。
img_83638	祸之所由生也，生自纤纤也。
img_83639	今天下之士君子，将犹多皆疑惑厚葬久丧之为中是非利害也。
img_83640	勇，志之所以敢也。
img_83641	凡天下祸篡怨恨，其所以起者，以不相爱生也，是以仁者非之。
img_83642	义人在上，天下必治。
img_83643	爱人利人以得福者有矣，恶人贼人以得祸者亦有矣。
img_83644	财以成者，扶而埋之后得生者，而久禁之。
img_83645	以德就列，以官服事，以劳殿赏，量功而分禄。
img_83646	今施人薄而望人厚，则人唯恐其有赐于己也。
img_83647	且夫义者政也，无从下之政上，必从上之政下。
img_83648	而天下皆曰其力也，必不能曰我见命焉。
img_83649	譬犹使人负剑，而求其寿也。
img_83650	心无备虑，不可以应卒。
img_83651	仁人之所以为事者，必兴天下之利，除去天下之害，以此为事者也。
img_83652	吾以为古之善者则述之，今之善者则作之，欲善之益多也。
img_83653	顺天意者，义政也反天意者，力政也。
img_83654	天下之百姓皆上同于天子，而不上同于天，则灾犹未去也。
img_83655	民力尽于无用，财宝虚以待客。
img_83656	以其行理也。行理性于染当。
img_83657	官无常贵而民无终贱。有能则举之，无能则下之。
img_83658	夫恶有同方取不取同而已者乎？
img_83659	食者，国之宝也兵者，国之爪也
img_83660	爱人者此为博焉，利人者此为厚焉。
img_83661	亲戚不附，无务外交。
img_83662	故百工从事，皆有法所度。今大者治天下，其次治大国，而无法所度，此不若百工辩也。
img_83663	可誉而不誉，非仁也。
img_83664	贤者举而上之，不肖者抑而废之。
img_83665	古者圣人为猛禽狡兽暴人害民，于是教民以兵行。
img_83666	繁饰有命，以教众愚朴之人。
img_83667	故父母学君三者，莫可以为治法。
img_83668	是以知天欲人相爱相利，而不欲人相恶相贼。
img_83669	上之所以使下者，一物也下之所以事上者，一术也。
img_83670	太上无败，其次败而有以成，此之谓用民。
img_83671	夫以奢侈之君御好淫僻之民，欲国无乱不可得也。
img_83672	闻之而不见，虽博必谬见之而不知，虽识必妄知之而不行，虽敦必困。
img_83673	君子养心，莫善于诚。
img_83674	人无礼则不生，事无礼则不成，国家无礼则不宁。
img_83675	肉腐出虫，鱼枯生蠹。
img_83676	有兼听之明，而无矜奋之容有兼覆之厚，而无伐德之色。
img_83677	习俗移志，安久移质。
img_83678	兼听之明，而无矜奋之容有兼覆之厚，而无伐德之色。
img_83679	天有其时，地有其财，人有其治，夫是之谓能参。
img_83680	以卵投石也。尽天下之卵，其石犹是也，不可毁也
img_83681	见善，修然必以自存也见不善，愀然必以自省也。善在身，介然必以自好也不善在身，菑然必以自恶也。
img_83682	好女之色，恶者之孽也公正之士，众人之痤也修道之人，污邪之贼也。
img_83683	养心莫善于诚。
img_83684	以此亏夺民衣食之财，仁者弗为也。
img_83685	列德而尚贤。虽在农与工肆之人，有能则举之。
img_83686	足以充虚继气，强股肱，耳目聪明，则止。
img_83687	今孝子之为亲度也，将奈何哉？
img_83688	君子战虽有陈，而勇为本焉。
img_83689	出政施教，赏善罚暴。
img_83690	特上不以为政，而士不以为行故也。
img_83691	若得鼓而进于义，则吾义岂不益进哉。
img_83692	仁者之为天下度也，辟之无以异乎孝子之为亲度也。
img_83693	是数人之齿而以为富。
img_83694	又与为人君者之不惠也，臣者之不忠也，父者之不慈也，子者之不孝也，此又天下之害也。
img_83695	虽使鬼神请亡，此犹可以合欢聚众，取亲于乡里。
img_83696	其服不同，其行犹一也。
img_83697	人不能不乐，乐则不能无形，形而不为道，则不能无乱。
img_83698	下贫则上贫，下富则上富。
img_83699	良农不为水旱不耕，良贾不为折阅不市。
img_83700	良医之门多病人。
img_83701	夫两贵之不能相事，两贱之不能相使，是天数也。
img_83702	贱礼义而贵勇力，贫则为盗，富则为贼。
img_83703	虽有戈矛之刺，不如恭俭之利也。
img_83704	通则骄而偏，穷则弃而儑。
img_83705	满则虑嗛，平则虑险，安则虑危
img_83706	君子以钟鼓道志。以琴瑟乐心。
img_83707	天行有常，不以尧存，不以桀亡。应之以治则吉，应之以乱则凶。
img_83708	得百姓之力者富，得百姓之死者强，得百姓之誉者荣。
img_83709	治生乎君子，乱生乎小人。
img_83710	真积力久则入。
img_83711	非我而当者，吾师也是我而当者。吾友也。
img_83712	螣蛇无足而飞，梧鼠五技而穷。
img_83713	笃志而体，君子也。
img_83714	功被天下，守之以让。
img_83715	恶之者众则危。
img_83716	尊严而惮，可以为师
img_83717	强自取柱，柔自取束。
img_83718	知而好问，然后能才。
img_83719	礼者所以正身也，师者所以正礼也。
img_83720	以近知远，以一知万，以微知明。
img_83721	学者非必为仕，而仕者必为学。
img_83722	知贤之为明，辅贤之谓能，勉之强之，其福必长。
img_83723	志意修则骄富贵，道义重则轻王公。
img_83724	不诱于誉，不恐于诽
img_83725	人有气有生有知亦且有义，故最为天下贵也。
img_83726	贤能不待次而举，罢不能不待须而废。
img_83727	流丸止于瓯臾，流言止于知者。
img_83728	其持之有故，其言之成理。
img_83729	声乐之入人也深，其化人也速。
img_83730	志忍私，然后能公行忍情性，然后能修
img_83731	公生明，偏生闇，端悫生通，诈伪生塞，诚信生神，夸诞生惑。
img_83732	乱则国危，治则国安。
img_83733	形相虽恶，而心术善，无害为君子也。
img_83734	贤能不待次而举，罢不能不待须而废
img_83735	刑当罪则威，不当罪则侮
img_83736	少事长，贱事贵，不肖事贤，是天下之通义也。
img_83737	国者，天下之大器也，重任也。
img_83738	言有招祸也，行有招辱也，君子慎其所立乎。
img_83739	听人以言，乐于钟鼓琴瑟。
img_83740	国将兴，必贵师而重傅
img_83741	民齐者强
img_83742	罪至重而刑至轻，庸人不知恶矣，乱莫大焉。
img_83743	务本节用财无极。
img_83744	材悫者常安利，荡悍者常危害
img_83745	短绠不可以汲深井之泉，知不几者不可与及圣人之言。
img_83746	大天而思之，孰与物畜而制之！从天而颂之，孰与制天命而用之！
img_83747	夫师以身为正仪，而贵自安者也。
img_83748	不足于行者，说过不足于信者，诚言。
img_83749	凡流言流说流事流谋流誉流愬，不官而衡至者，君子慎之
img_83750	大者不能，小者不为，是弃国捐身之道也。
img_83751	声无小而不闻，行无隐而不形。
img_83752	名无固实，约之以命实，约定俗成，谓之实名。
img_83753	论德而定次，量能而授官。
img_83754	强本而节用，则天不能贫。
img_83755	小人者其未得也，则忧不得既已得之，又恐失之。是以有终身之忧，无一日之乐也。
img_83756	身劳而心安，为之利少而义多，为之
img_83757	非我而当者，吾师也是我而当者吾友也谄谀我者，吾贼也。
img_83758	饥而欲食，寒而欲暖，劳而欲息，好利而恶害，是人之所生而有也。
img_83759	老子有见于诎，无见于信。
img_83760	小人错其在己者，而慕其在天者。
img_83761	不闻不若闻之，闻之不若见之，见之不若知之，知之不若行之，学至于行之而止矣。
img_83762	君子安礼乐利，谨慎而无斗怒，是以百举而不过也。
img_83763	名声若日月，功绩如天地
img_83764	天能生物，不能辨物也，地能载人，不能治人也宇中万物生人之属，待圣人然后分也。
img_83765	以治气养生，则后彭祖以修身自名，则配尧禹。宜于时通，利以处穷，礼信是也。
img_83766	学不可以已。
img_83767	善学者尽其理，善行者究其难。
img_83768	言而当知也，默而当，亦知也
img_83769	天之生民，非为君也天之立君，以为民也。
img_83770	凡百事之成也，必在敬之其败也，必在慢之。
img_83771	君子时诎则诎，时伸则伸也。
img_83772	非我而当者，吾师也是我而当者，吾友也谄谀我者，吾贼也。
img_83773	君子敬其在己者，而不慕其在天者，是以日进也。
img_83774	无德不贵，无能不官，无功不赏，无罪不罚。
img_83775	以近知远，以一知万，以微知明，此之谓也。
img_83776	国将兴，必贵师而重傅，贵师而重傅，则法度存。
img_83777	一物失称，乱之端也。夫德不称位，能不称官，赏不当功，罚不当罪，不祥莫大焉。
img_83778	公生明，偏生闇
img_83779	赠人以言，重于金石珠玉观人以言，美于黼黻文章听人以言，乐于钟鼓琴瑟。
img_83780	巧而好度，必节勇而好同，必胜知而好谦，必贤。
img_83781	吾尝跂而望矣，不如登高之博见也。
img_83782	乐易者常寿长，忧险者常夭折。
img_83783	今士之用身，不若商人之用一布之慎也。
img_83784	库无备兵，虽有义不能征无义。
img_83785	吏不治则乱，农事缓则贫。
img_83786	为其所难者，必得其所欲焉未闻为其所欲，而免其所恶者也。
img_83787	利人乎即为，不利人乎即止。
img_83788	君子务修其内而让之于外。
img_83789	自知者不怨人，知命者不怨天。
img_83790	君子之学也，入乎耳，着乎心
img_83791	是谓是，非谓非，曰直。
img_83792	人之生不能无群
img_83793	不诱于誉，不恐于诽。
img_83794	君子博学而日参省乎己，则知明而行无过矣。
img_83795	田野荒而仓廪实，百姓虚而府库满，夫是之谓国蹶。
img_83796	礼者，人道之极也。
img_83797	君子耻不修，不耻见污。
img_83798	聚敛者，召寇肥敌亡国危身之道也。
img_83799	君子之学也，以美其身小人之学也，以为禽犊。
img_83800	是以动则必陷，为则必辱，是偏伤之患也。
img_83801	儒者在本朝则美政，在下位则美俗。
img_83802	万物同宇而异体，无宜而有用为人，数也。
img_83803	谏争辅拂之人，社稷之臣也，国君之宝也，明君之所尊厚也
img_83804	精于物者以物物，精于道者兼物物。
img_83805	乐者，圣王之所乐也，而可以善民心，其感人深，其移风易俗。故先王导之以礼乐，而民和睦。
img_83806	养备而动时，则天不能病修道而不贰，则天不能祸。
img_83807	贵名不可以比周争也，不可以夸诞有也，不可以埶重胁也
img_83808	丧礼者，以生者饰死者也，大象其生以送其死也。故事死如生，事亡如存，终始一也。
img_83809	倍道而妄行，则天不能使之吉。
img_83810	爱民者强，不爱民者弱
img_83811	君有妒臣，则贤人不至。
img_83812	性者，本始材朴也伪者，文理隆盛也。无性则伪之无所加，无伪则性不能自美。
img_83813	用国者，得百姓之力者富，得百姓之死者强，得百姓之誉者荣。
img_83814	不知戒，后必有，恨后遂过不肯悔，谗夫多进。
img_83815	友者所以相有也。道不同，何以相有也？
img_83816	刑称罪，则治不称罪，则乱。
img_83817	凡知说，有益于理者，为之无益于理者，舍之。
img_83818	怠慢忘身，祸灾乃作。
img_83819	望时而待之，孰与应时而使之。
img_83820	士有妒友，则贤交不亲君有妒臣，则贤人不至。
img_83821	不学问，无正义，以富利为隆，是俗人者也。
img_83822	故明主必谨养其和，节其流，开其源，而时斟酌焉。
img_83823	君子之于子，爱之而勿面，使之而勿视，道之以道而勿强。
img_83824	人之命在天，国之命在礼。
img_83825	百王之无变，足以为道贯。一废一起，应之以贯，理贯不乱。不知贯，不知应变。
img_83826	亡国至亡而后知亡，至死而后知死
img_83827	贤不肖不杂，则英杰至，是非不乱，则国家治。
img_83828	君子少思长，则学老思死，则教有思穷，则施也。
img_83829	唯明主为能爱其所爱，闇主则必危其所爱。
img_83830	乐者，所以道乐也，金石丝竹，所以道德也乐行而民乡方矣。
img_83831	贤能不待次而举，罢不能不待须而废，元恶不待教而诛，中庸不待政而化。
img_83832	无稽之言，不见之行，不闻之谋，君子慎之。
img_83833	仁义礼善之于人也，辟之若货财粟米之于家也。
img_83834	观人以言，美于黼黻文章。
img_83835	主闇于上，臣诈于下，灭亡无日
img_83836	无分者，人之大害也有分者，天下之本利也。
img_83837	礼者，断长续短，损有余，益不足，达爱敬之文，而滋成行义之美也。
img_83838	主道明则下安，主道幽则下危。故下安则贵上，下危则贱上。
img_83839	夫人虽有性质美而心辩知，必将求贤师而事之
img_83840	大天而思之，孰与物畜而制之？从天而颂之，孰与制天命而用之。
img_83841	士有妒友，则贤交不亲。
img_83842	道存则国存，道亡则国亡。
img_83843	天下者，大具也，不可以小人有也，不可以小道得也，不可以小力持也。
img_83844	马骇舆，则君子不安舆庶人骇政，则君子不安位。
img_83845	天行有常，不为尧存，不为桀亡。
img_83846	饥而欲食，寒而欲暖。劳而欲息，好利而恶害，是人之所生而有也。
img_83847	君子养心莫善于诚。
img_83848	与人善言，暖于布帛伤人之言，深于矛戟。
img_83849	不闻不若闻之，闻之不若见之，见之不若知之，知之不若行之。
img_83850	故木受绳则直，金就砺则利，君子博学而日参省乎己，则知明而行无过矣。
img_83851	君子崇人之德，扬人之美，非谄谀也正义直指，举人之过，非毁疵也。
img_83852	知莫大乎弃疑，行莫大乎无过，事莫大乎无悔。
img_83853	不诱于誉，不恐于诽，率道而行，端然正己。
img_83854	凡斗者，必自以为是，而以人为非也。
img_83855	目不能两视而明，耳不能两听而聪。
img_83856	浅不足与测深，愚不足与谋智，坎井之蛙，不可与语东海之乐。
img_83857	然而其持之有故，其言之成理。
img_83858	上不失天时，下不失地利，中得人和，而百事不废。
img_83859	君人者，爱民而安，好士而荣，两者无一焉而亡。
img_83860	治则衍及百姓，乱则不足及王公。
img_83861	多知而无亲，博学而无方，好多而无定者，君子不与。
img_83862	天地合而万物生，阴阳接而变化起，性伪合而天下治。
img_83863	无冥冥之志者，无昭昭之明无惛惛之事者，无赫赫之功。
img_83864	不知则问，不能则学，虽能必让，然后为德。
img_83865	人之性恶，其善者伪也。
img_83866	玉在山而草木润，渊生珠而崖不枯。
img_83867	君子赠人以言，庶人赠人以财。
img_83868	流丸止于瓯臾，流言止于知者
img_83869	锲而舍之，朽木不折锲而不舍，金石可镂。
img_83870	蓬生麻中，不扶而直白沙在涅，与之俱黑。
img_83871	青，取之于蓝，而青于蓝冰，水为之，而寒于水。
img_83872	天行有常，不为尧存，不为桀亡。应之以治则吉，应之以乱则凶。
img_83873	天不为人之恶寒也辍冬，地不为人之恶辽远也辍广，君子不为小人之匈匈也辍行。
img_83874	道虽迩，不行不至事虽小，不为不成。
img_83875	君子耳不听淫声，目不视邪色，口不出恶言
img_83876	自知者不怨人，知命者不怨天怨人者穷，怨天者无志。
img_83877	钓者之恭，非为鱼赐也饵鼠以虫，非爱之也。
img_83878	岁不寒无以知松柏，事不难无以知君子
img_83879	投我以桃。报之以李。即此言爱人者必见爱也。而恶人者必见恶也。
img_83880	君子不镜于水，而镜于人。镜于水，见面之容镜于人，则知吉与凶。
img_83881	士虽有学，而行为本焉。
img_83882	良弓难张，然可以及高入深良马难乘，然可以任重致远
img_83883	水流湿，火就燥。云从龙，风从虎。
img_83884	君子上交不谄，下交不渎
img_83885	二人同心，其利断金。同心之言，其臭如兰。
img_83886	同声相应，同气相求。
img_83887	三人行则损一人，一人行则得其友。
img_83888	地势，坤君子以厚德载物。
img_83889	尺蠖之屈，以求信也龙蛇之蛰，以存身也。
img_83890	谦谦君子，卑以自牧
img_83891	穷则变，变则通，通则久。
img_83892	天行健君子以自强不息。
img_83893	善游者溺，善骑者堕，各以所好反自为祸。
img_83894	母信者，其子必仁。
img_83895	故仁莫大于爱人，智莫大于知人。
img_83896	勇于敢则杀，勇于不敢则活。
img_83897	山致其高而云雨起焉，水致其深而蛟龙生焉，君子致其道而德泽流焉。
img_83898	香饵之下，必有悬鱼重赏之下，必有死夫。
img_83899	善善不进，恶恶不退贤者隐蔽，不肖在位国受其害。
img_83900	废一善，则众善衰。赏一恶，则众恶归。
img_83901	蓄恩不倦，以一取万。
img_83902	临官莫如平，临财莫如廉。
img_83903	随侯之珠，国宝也，然用之弹，曾不如泥丸
img_83904	士不以利移不为患改。
img_83905	治国之道，爱民而已。
img_83906	非其地而树之，不生也。
img_83907	小快害义，小慧害道，小辨害治，苟心伤德。
img_83908	和氏之璧乎？价重千金，然以之间纺，曾不如瓦砖。
img_83909	夫君子爱口，孔雀爱羽，虎豹爱爪，此皆所以治身法也。
img_83910	树曲木者，恶得直景。
img_83911	王国富民，霸国富士仅存之国，富大夫亡道之国，富仓府
img_83912	成大功者不小苛。
img_83913	一节见则百节知矣。
img_83914	鞭扑之子，不从父之教
img_83915	食必常饱，然后求美衣必常暖，然后求丽
img_83916	水浊则鱼困，令苛则民乱。
img_83917	金刚则折，革刚则裂。
img_83918	高议而不可及，不若卑论之有功也。
img_83919	干将为利，名闻天下，匠以治木，不如斤斧。
img_83920	麋鹿成群，虎豹避之飞鸟成列，鹰鹫不击
img_83921	水激则悍，矢激则远
img_83922	鲍鱼兰芷，不同箧而藏。
img_83923	力胜贫，谨胜祸，慎胜害，戒胜灾。
img_83924	草木秋死，松柏独在
img_83925	谋先事则昌，事先谋则亡。
img_83926	屋漏者民去之，水浅者鱼逃之，树高者鸟宿之，德厚者士趋之
img_83927	为地战者不能成王，为禄仕者不能成政
img_83928	君子之言寡而实，小人之言多而虚。
img_83929	知屋漏者在宇下，知政失者在草野。
img_83930	善恶同，则功臣倦。
img_83931	外内表里，自相副称。
img_83932	德弥盛者文弥缛，德弥彰者人弥明。
img_83933	足不强则迹不远，锋不銛，则割不深。
img_83934	经传之文，贤圣之语，古今言殊，四方谈异也。
img_83935	比不应事，未可谓喻文不称实，未可谓是也。
img_83936	屋漏在上，知者在下。
img_83937	人间之水污浊，在野外者清洁，俱为一水，源从天涯，或浊或清，所在之势使之然也。
img_83938	譬犹练丝，染之蓝则青，染之丹则赤。
img_83939	太平之世多长寿人。
img_83940	誉人不增其美。
img_83941	为世用者，百篇无害不为用者，一章无补。
img_83942	君子不畏虎，独畏谗夫之口。
img_83943	闭心塞意，不高瞻览者，死人之徒也哉。
img_83944	事莫明于有效，论莫定于有证。
img_83945	精诚由中，故其文语感动人深。
img_83946	不学自知，不问自晓，古今行事，未之有也。
img_83947	牛刀可以割鸡，鸡刀难以屠牛。
img_83948	美色不同面，皆佳于目悲音不共声，皆快于耳。
img_83949	文人之笔，劝善惩恶也。
img_83950	处颠者危，势丰者亏。
img_83951	人有所优，固有所劣人有所工，固有所拙。
img_83952	河冰结合，非一日之寒积土成山，非斯须之作。
img_83953	学之乃知，不问不识。
img_83954	两刃相割，利钝乃知二论相订，是非乃见。
img_83955	知古不知今，谓之陆沉，然则儒生，所谓陆沉者也。
img_83956	才有浅深，无有古今文有伪真，无有故新。
img_83957	人不博览者，不闻古今，不见事类，不知然否，犹目盲耳聋鼻痈者也。
img_83958	衰世好信鬼，愚人好求福。
img_83959	曲妙人不能尽和，言是人不能皆信。
img_83960	曾经沧海难为水，除却巫山不是云。
img_83961	青青子衿，悠悠我心。
img_83962	酒入愁肠，化作相思泪。
img_83963	多情自古伤离别，更那堪冷落清秋节！
img_83964	闻君有两意，故来相决绝。
img_83965	盈盈一水间，脉脉不得语。
img_83966	昨夜西风凋碧树，独上高楼，望尽天涯路。
img_83967	一声梧叶一声秋，一点芭蕉一点愁，三更归梦三更后。
img_83968	山有木兮木有枝，心悦君兮君不知。
img_83969	世间无限丹青手，一片伤心画不成。
img_83970	登高望蓬流，想象金银台。
img_83971	大漠孤烟直，长河落日圆。
img_83972	竹外一枝斜，想佳人，天寒日暮。
img_83973	路出大梁城，关河开晓晴。
img_83974	旌旆夹两山，黄河当中流。
img_83975	黄河怒浪连天来，大响谹谹如殷雷。
img_83976	黄河万里触山动，盘涡毂转秦地雷。
img_83977	寝兴目存形，遗音犹在耳。
img_83978	人生若只如初见，何事秋风悲画扇。
img_83979	心似双丝网，中有千千结。
img_83980	明月黄河夜，寒沙似战场。
img_83981	俯瞰黄河小，高悬白雪清。
img_83982	黄河九天上，人鬼瞰重关。
img_83983	将军发白马，旌节度黄河。
img_83984	梦回人远许多愁，只在梨花风雨处。
img_83985	红豆不堪看，满眼相思泪。
img_83986	虚负凌云万丈才，一生襟抱未曾开。
img_83987	斑竹枝，斑竹枝，泪痕点点寄相思。
img_83988	只恐双溪舴艋舟，载不动许多愁。
img_83989	东篱把酒黄昏后，有暗香盈袖。
img_83990	三千丈清愁鬓发，五十年春梦繁华。
img_83991	总为浮云能蔽日，长安不见使人愁。
img_83992	何意百炼刚，化为绕指柔。
img_83993	一片花飞减却春，风飘万点正愁人。
img_83994	芳树无人花自落，春山一路鸟空啼。
img_83995	扬子江头杨柳春，杨花愁杀渡江人。
img_83996	何当共剪西窗烛，却话巴山夜雨时。
img_83997	一枝红杏出墙头，墙外行人正独愁。
img_83998	花红易衰似郎意，水流无限似侬愁。
img_83999	乐游原上清秋节，咸阳古道音尘绝。
img_84000	曾伴浮云归晚翠，犹陪落日泛秋声。
img_84001	日长篱落无人过，惟有蜻蜓蛱蝶飞。
img_84002	伤心秦汉，生民涂炭，读书人一声长叹。
img_84003	江流石不转，遗恨失吞吴。
img_84004	日暮东风怨啼鸟，落花犹似坠楼人。
img_84005	元嘉草草，封狼居胥，赢得仓皇北顾。
img_84006	英雄一去豪华尽，惟有青山似洛中。
img_84007	山围故国周遭在，潮打空城寂寞回。
img_84008	相思相见知何日？此时此夜难为情！
img_84009	多少六朝兴废事，尽入渔樵闲话。
img_84010	胡雁哀鸣夜夜飞，胡儿眼泪双双落。
img_84011	纸灰飞作白蝴蝶，泪血染成红杜鹃。
img_84012	悲欢离合总无情。一任阶前点滴到天明。
img_84013	又送王孙去，萋萋满别情。
img_84014	薄雾浓云愁永昼，瑞脑销金兽。
img_84015	舞榭歌台，风流总被雨打风吹去。
img_84016	可怜青冢已芜没，尚有哀弦留至今。
img_84017	想当年空运筹决战，图王取霸无休。
img_84018	会当凌绝顶，一览众山小。
img_84019	梦里相思，故国王孙路。
img_84020	东山老，可堪岁晚，独听桓筝。
img_84021	念往昔，繁华竞逐，叹门外楼头，悲恨相续。
img_84022	燕语如伤旧国春，宫花一落已成尘。
img_84023	朝阳不再盛，白日忽西幽。
img_84024	玉树歌残王气终，景阳兵合戍楼空。
img_84025	把酒送春春不语。黄昏却下潇潇雨。
img_84026	雨横风狂三月暮，门掩黄昏，无计留春住。
img_84027	三百年间同晓梦，钟山何处有龙盘。
img_84028	几度东风吹世换，千年往事随潮去。
img_84029	霸业成空，遗恨无穷。
img_84030	多情却似总无情，唯觉樽前笑不成。
img_84031	疏星淡月秋千院，愁云恨雨芙蓉面。
img_84032	杨柳丝丝弄轻柔，烟缕织成愁。
img_84033	千年忠义气，日星光。离骚读罢总堪伤。
img_84034	月色入高楼，相思两处愁。
img_84035	百啭无人能解，因风飞过蔷薇。
img_84036	昔在零陵厌，神器若无依。
img_84037	忆昔霍将军，连年此征讨。
img_84038	城隅南对望陵台，漳水东流不复回。
img_84039	徒把金戈挽落晖，南冠无奈北风吹。
img_84040	潭州官舍暮楼空，今古无端入望中。
img_84041	故国山川，故园心眼，还似王粲登楼。
img_84042	湘波如泪色漻漻，楚厉迷魂逐恨遥。
img_84043	不知何日东瀛变，此地还成要路津。
img_84044	铜铸金镛振纪纲，声传海外播戎羌。
img_84045	我来圯桥上，怀古钦英风。
img_84046	常山临代郡，亭障绕黄河。
img_84047	江皋楼观前朝寺，秋色入秦淮。
img_84048	军听了军愁，民听了民怕。
img_84049	国亡身殒今何有，只留离骚在世间。
img_84050	多少泪珠何限恨，倚栏干。
img_84051	扰扰马足车尘，被岁月无情，暗消年少。
img_84052	想牧之千载尚神游，空山冷。
img_84053	埋没钱塘歌吹里，当年却是皇都。
img_84054	但梦想一枝潇洒，黄昏斜照水。
img_84055	断崖苍藓对立久，冻雨为洗前朝悲。
img_84056	钟山抱金陵，霸气昔腾发。
img_84057	尚忆先朝多乐事，孝皇曾为两宫开。
img_84058	歌沉玉树，古寺空有疏钟发。
img_84059	午梦初回，卷帘尽放春愁去。
img_84060	鸳鸯俱是白头时，江南渭北三千里。
img_84061	落日无人松径里，鬼火高低明灭。
img_84062	秋静见旄头，沙远席羁愁。
img_84063	远信入门先有泪，妻惊女哭问何如。
img_84064	不语含嚬深浦里，几回愁煞棹船郎，燕归帆尽水茫茫。
img_84065	马上墙头，纵教瞥见，也难相认。
img_84066	晚日金陵岸草平，落霞明，水无情。
img_84067	别愁深夜雨，孤影小窗灯。
img_84068	滞雨通宵又彻明，百忧如草雨中生。
img_84069	数回细写愁仍破，万颗匀圆讶许同。
img_84070	谁谓含愁独不见，更教明月照流黄。
img_84071	今夜送归灯火冷，河塘，堕泪羊公却姓杨。
img_84072	见说新愁，如今也到鸥边。
img_84073	已诉征求贫到骨，正思戎马泪盈巾。
img_84074	南朝千古伤心事，犹唱后庭花。
img_84075	衰柳寒蝉一片愁，谁肯教白衣送酒？
img_84076	但恨处非位，怆悢使心伤。
img_84077	风雨牢愁无著处，那更寒蛩四壁。
img_84078	自春来惨绿愁红，芳心是事可可。
img_84079	曲终人醉。多似浔阳江上泪。
img_84080	愁颜与衰鬓，明日又逢春。
img_84081	蝉噪林逾静，鸟鸣山更幽。
img_84082	花不语，水空流。年年拚得为花愁。
img_84083	酒醒人静奈愁浓。残灯孤枕梦，轻浪五更风。
img_84084	日色已尽花含烟，月明欲素愁不眠。
img_84085	巫峡啼猿数行泪，衡阳归雁几封书。
img_84086	失意还独语，多愁只自知。
img_84087	土花曾染湘娥黛，铅泪难消。
img_84088	愁看飞雪闻鸡唱，独向长空背雁行。
img_84089	中州遗恨，不知今夜几人愁。
img_84090	雁足无书古塞幽。一程烟草一程愁。
img_84091	冥冥重泉哭不闻，萧萧暮雨人归去。
img_84092	尽叫得鹃声碎，却教人空断肠。
img_84093	海畔尖山似剑铓，秋来处处割愁肠。
img_84094	日永如年愁难度。高城回首，暮云遮尽，目断人何处？
img_84095	望极春愁，黯黯生天际。
img_84096	千里万里，二月三月，行色苦愁人。
img_84097	牵衣顿足拦道哭，哭声直上干云霄。
img_84098	弟妹萧条各何在，干戈衰谢两相催！
img_84099	永怀愁不寐，松月夜窗虚。
img_84100	孤客伤逝湍，徒旅苦奔峭。
img_84101	偷弹清泪寄烟波，见江头故人，为言憔悴如许。
img_84102	去意徊徨，别语愁难听。
img_84103	寂寞尊前席上，唯愁海角天涯。
img_84104	共说春来春去事，多时。一点愁心入翠眉。
img_84105	深宫桃李无人问，旧爱玉颜今自恨。
img_84106	发短愁催白，颜衰酒借红。
img_84107	枕前泪共阶前雨，隔个窗儿滴到明。
img_84108	不信妾断肠，归来看取明镜前。
img_84109	枯杨枯杨尔生稊，我独七十而孤栖。
img_84110	愁因薄暮起，兴是清秋发。
img_84111	君莫舞，君不见玉环飞燕皆尘土！
img_84112	日暮征帆何处泊，天涯一望断人肠。
img_84113	无言暗将红泪弹。阑珊，香销轻梦还。
img_84114	对山河百二，泪痕沾血。
img_84115	那里有闹红尘香车宝马？祗不过送黄昏古木寒鸦。
img_84116	柳叶随歌皱，梨花与泪倾。
img_84117	绣帏人念远，暗垂珠泪，泣送征轮。
img_84118	大道如青天，我独不得出。
img_84119	髻子伤春慵更梳。晚风庭院落梅初。
img_84120	心断新丰酒，销愁斗几千。
img_84121	行人怅望王孙去，买断金钗十二愁。
img_84122	君言不得意，归卧南山陲。
img_84123	争奈醒来，愁恨又依然。
img_84124	山亭水榭秋方半。凤帏寂寞无人伴。
img_84125	戚姬髡发入舂市，万古共悲辛。
img_84126	柳色参差掩画楼，晓莺啼送满宫愁。
img_84127	池上凭阑愁无侣。奈此个单栖情绪。
img_84128	暗教愁损兰成，可怜夜夜关情。
img_84129	绿鬓能供多少恨，未肯无情比断弦。
img_84130	月去疏帘才数尺，乌鹊惊飞，一片伤心白。
img_84131	立尽黄昏泪几行，一片鸦啼月。
img_84132	寒山吹笛唤春归，迁客相看泪满衣。
img_84133	横笛和愁听，斜枝倚病看。
img_84134	鸿雁不堪愁里听，云山况是客中过。
img_84135	曲阑深处重相见，匀泪偎人颤。
img_84136	木落山空天远大，送飞鸿北去伤怀久。
img_84137	独抱浓愁无好梦，夜阑犹剪灯花弄。
img_84138	数州消息断，愁坐正书空。
img_84139	银箭金壶漏水多，起看秋月坠江波。
img_84140	伤心枕上三更雨，点滴霖霪。
img_84141	愁绝行人天易暮，行向鹧鸪声里住。
img_84142	寂寂闻猿愁，行行见云收。
img_84143	扁舟去作江南客，旅雁孤云。
img_84144	念兰堂红烛，心长焰短，向人垂泪。
img_84145	风尘荏苒音书绝，关塞萧条行路难。
img_84146	镇日无心扫黛眉。临行愁见理征衣。
img_84147	午窗睡起莺声巧，何处唤春愁？
img_84148	明朝事与孤烟冷，做满湖风雨愁人。
img_84149	伤高怀远几时穷。无物似情浓。
img_84150	才道莫伤神，青衫湿一痕。
img_84151	追亡事今不见，但山川满目泪沾衣。
img_84152	唤起两眸清炯炯。泪花落枕红棉冷。
img_84153	夫死战场子在腹，妾身虽存如昼烛。
img_84154	小雨空帘，无人深巷，已早杏花先卖。
img_84155	昔日横波目，今成流泪泉。
img_84156	帘控钩，掩上珠楼，风雨替花愁。
img_84157	万里伤心严谴日，百年垂死中兴时。
img_84158	丹砂成黄金，骑龙飞上太清家，云愁海思令人嗟。
img_84159	西望雷塘何处是？香魂零落使人愁，淡烟芳草旧迷楼。
img_84160	春雨楼头尺八箫，何时归看浙江潮？
img_84161	寂寥西窗久坐，故人慳会遇，同翦灯语。
img_84162	故人何不返，春华复应晚。
img_84163	明朝又是孤舟别，愁见河桥酒幔青。
img_84164	击楫中流，曾记泪沾裳。
img_84165	破帽遮颜过闹市，漏船载酒泛中流。
img_84166	乡泪客中尽，孤帆天际看。
img_84167	杏花无处避春愁，也傍野烟发。
img_84168	蜂争粉蕊蝶分香，不似垂杨惜金缕。
img_84169	徘徊将何见？忧思独伤心。
img_84170	算翠屏应是，两眉馀恨倚黄昏。
img_84171	桐叶晨飘蛩夜语。旅思秋光，黯黯长安路。
img_84172	枫树夜猿愁自断，女萝山鬼语相邀。
img_84173	望君烟水阔，挥手泪沾巾。
img_84174	可堪更近乾龙节。眼中泪尽空啼血。
img_84175	却愁宴罢青娥散，扬子江头月半斜。
img_84176	恋树湿花飞不起，愁无比，和春付与东流水。
img_84177	长使英雄泪满襟，天意高难问。
img_84178	泪弹不尽临窗滴。就砚旋研墨。
img_84179	马上逢寒食，愁中属暮春。
img_84180	欲诉奇愁无可诉，算兴亡已惯司空见。
img_84181	山暝闻猿愁，沧江急夜流。
img_84182	幽径无人独自芳，此恨凭谁诉。
img_84183	望征路愁迷，离绪难整。
img_84184	尽无言闲品秦筝，泪满参差雁。
img_84185	泪滴千千万万行，更使人愁肠断。
img_84186	归来视幼女，零泪缘缨流。
img_84187	千娇面盈盈伫立，无言有泪，断肠争忍回顾。
img_84188	离愁正引千丝乱，更东陌飞絮濛濛。
img_84189	伤心故人去后，冷落新诗。
img_84190	絮影苹香，春在无人处。
img_84191	翰林风月三千首，寄与吴姬忍泪看。
img_84192	雾冷笙箫，风轻环佩，玉锁无人掣。
img_84193	吾闻马周昔作新丰客，天荒地老无人识。
img_84194	忆昨车声寒易水，今朝，慷慨还过豫让桥。
img_84195	宣和旧日，临安南渡，芳景犹自如故。
img_84196	武帝宫中人去尽，年年春色为谁来。
img_84197	凭空怒浪兼天涌，不尽六朝声。
img_84198	池台竹树三亩馀，至今人道江家宅。
img_84199	千载休谈南渡错，当时自怕中原复。
img_84200	慨当初，倚飞何重，后来何酷。
img_84201	楚人悲屈原，千载意未歇。
img_84202	禹庙空山里，秋风落日斜。
img_84203	天外凤凰谁得髓？无人解合续弦胶。
img_84204	为问暗香闲艳，也相思万点付啼痕。
img_84205	举目山河异，偏伤周顗情。
img_84206	千古兴亡多少事？悠悠。
img_84207	可怜赤壁争雄渡，唯有蓑翁坐钓鱼。
img_84208	数里黄沙行客路，不堪回首思秦原。
img_84209	鄂王坟上草离离，秋日荒凉石兽危。
img_84210	翠华想像空山里，玉殿虚无野寺中。
img_84211	广陵城里昔繁华，炀帝行宫接紫霞。
img_84212	东南第一名州，西湖自古多佳丽。
img_84213	虎踞龙蟠何处是，只有兴亡满目。
img_84214	不见襄阳登览，磨灭游人无数，遗恨黯难收。
img_84215	试浇桥下水，今夕到湘中。
img_84216	林深藏却云门寺，回首若耶溪。
img_84217	薄晚西风吹雨到。明朝又是伤流潦。
img_84218	儿女此情同。往事朦胧。湘娥竹上泪痕浓。
img_84219	细腰争舞君沉醉，白日秦兵天下来。
img_84220	汉臣曾此作缧囚，茹血衣毛十九秋。
img_84221	箭径酸风射眼，腻水染花腥。
img_84222	下马登邺城，城空复何见。
img_84223	十日雨丝风片里，浓春艳景似残秋。
img_84224	怅然孤啸，青山故国，乔木苍苔。
img_84225	玉树歌残犹有曲，锦帆归去已无家。
img_84226	遗庙丹青落，空山草木长。
img_84227	后庭花一曲，幽怨不堪听。
img_84228	层楼望，春山叠家何在？
img_84229	赤壁矶头，一番过一番怀古。
img_84230	胜地不常，盛筵难再兰亭已矣，梓泽丘墟。
img_84231	风急桃花也似愁，点点飞红雨。
img_84232	多情却被无情恼。
img_84233	河畔青芜堤上柳，为问新愁，何事年年有？
img_84234	西城杨柳弄春柔。动离忧。泪难收。
img_84235	昨日入城市，归来泪满巾。
img_84236	招魂楚些何嗟及，山鬼暗啼风雨。
img_84237	故人何处。带我离愁江外去。
img_84238	高楼送客不能醉，寂寂寒江明月心。
img_84239	便纵有千种风情，更与何人说？
img_84240	行路难！行路难！多歧路，今安在？
img_84241	安得倚天剑，跨海斩长鲸。
img_84242	十年花骨东风泪，几点螺香素壁尘。
img_84243	晚风庭院落梅初。淡云来往月疏疏。
img_84244	未老莫还乡，还乡须断肠。
img_84245	天下伤心处，劳劳送客亭。
img_84246	孤芳一世，供断有情愁，消瘦损，东阳也，试问花知否？
img_84247	且看欲尽花经眼，莫厌伤多酒入唇。
img_84248	云中君不见，竟夕自悲秋。
img_84249	荒烟凉雨助人悲，泪染衣襟不自知。
img_84250	我本不弃世，世人自弃我。
img_84251	花近高楼伤客心，万方多难此登临。
img_84252	惶恐滩头说惶恐，零丁洋里叹零丁。
img_84253	劝君频入醉乡来，此是无愁无恨处。
img_84254	重帏深下莫愁堂，卧后清宵细细长。
img_84255	江娥啼竹素女愁，李凭中国弹箜篌。
img_84256	五更疏欲断，一树碧无情。
img_84257	金陵津渡小山楼，一宿行人自可愁。
img_84258	夜来携手梦同游，晨起盈巾泪莫收。
img_84259	草色烟光残照里，无言谁会凭阑意。
img_84260	碧水浩浩云茫茫，美人不来空断肠。
img_84261	胭脂泪，相留醉，几时重。
img_84262	衙斋卧听萧萧竹，疑是民间疾苦声。
img_84263	千古风流八咏楼，江山留与后人愁。
img_84264	故人相望若为情。别愁深夜雨，孤影小窗灯。
img_84265	人生有情泪沾臆，江水江花岂终极！
img_84266	忍泪佯低面，含羞半敛眉。
img_84267	来是空言去绝踪，月斜楼上五更钟。
img_84268	分明一觉华胥梦，回首东风泪满衣。
img_84269	有情风万里卷潮来，无情送潮归。
img_84270	停杯投箸不能食，拔剑四顾心茫然。
img_84271	穷年忧黎元，叹息肠内热。
img_84272	三千年事残鸦外，无言倦凭秋树。
img_84273	旅馆寒灯独不眠，客心何事转凄然。
img_84274	一场愁梦酒醒时，斜阳却照深深院。
img_84275	平生塞北江南，归来华发苍颜。
img_84276	行人怅望苏台柳，曾与吴王扫落花。
img_84277	长安故人问我，道寻常泥酒只依然。
img_84278	白头灯影凉宵里，一局残棋见六朝。
img_84279	其人虽已没，千载有馀情。
img_84280	秋草六朝寒，花雨空坛。更无人处一凭阑。
img_84281	豪华尽成春梦，留下古今愁。
img_84282	骊山四顾，阿房一炬，当时奢侈今何处？
img_84283	乘兴南游不戒严，九重谁省谏书函。
img_84284	伤心莫问前朝事，重上越王台。
img_84285	龙蟠虎踞金陵郡，古来六代豪华盛。
img_84286	几度思归还把酒，拂云堆上祝明妃。
img_84287	山河风景元无异，城郭人民半已非。
img_84288	残酒忆荆高，燕赵悲歌事未消。
img_84289	叹江山如故，千村寥落。
img_84290	子胥既弃吴江上，屈原终投湘水滨。
img_84291	江山故宅空文藻，云雨荒台岂梦思。
img_84292	千秋钓舸歌明月，万里沙鸥弄夕阳。
img_84293	谁知万里客，怀古正踌蹰。
img_84294	至今商女，时时犹唱，后庭遗曲。
img_84295	大树无枝向北风，十年遗恨泣英雄。
img_84296	姑苏台上乌栖时，吴王宫里醉西施。
img_84297	从来幽怨应无数？铁马金戈，青冢黄昏路。
img_84298	怅望千秋一洒泪，萧条异代不同时。
img_84299	君看六幅南朝事，老木寒云满故城。
img_84300	小怜玉体横陈夜，已报周师入晋阳。
img_84301	伤心秦汉经行处，宫阙万间都做了土。
img_84302	今古河山无定据。
img_84303	斜阳草树，寻常巷陌，人道寄奴曾住。
img_84304	诸葛大名垂宇宙，宗臣遗像肃清高。
img_84305	自从一闭风光后，几度飞来不见人。
img_84306	伤心千古，秦淮一片明月！
img_84307	寥落古行宫，宫花寂寞红。
img_84308	千载琵琶作胡语，分明怨恨曲中论。
img_84309	西施若解倾吴国，越国亡来又是谁。
img_84310	故国神游，多情应笑我，早生华发。
img_84311	尽道隋亡为此河，至今千里赖通波。
img_84312	天上星河转，人间帘幕垂。凉生枕簟泪痕滋。
img_84313	年年负却花期！过春时，只合安排愁绪送春归。
img_84314	而今识尽愁滋味，欲说还休。
img_84315	不信比来长下泪，开箱验取石榴裙。
img_84316	日日花前常病酒，敢辞镜里朱颜瘦。
img_84317	几回花下坐吹箫，银汉红墙入望遥。
img_84318	万里无人收白骨，家家城下招魂葬。
img_84319	门外无人问落花，绿阴冉冉遍天涯。
img_84320	春如旧。人空瘦。泪痕红浥鲛绡透。
img_84321	残月出门时，美人和泪辞。
img_84322	水调数声持酒听。午醉醒来愁未醒。
img_84323	雨恨云愁，江南依旧称佳丽。
img_84324	上穷碧落下黄泉，两处茫茫皆不见。
img_84325	醉里且贪欢笑，要愁那得工夫。
img_84326	笑渐不闻声渐悄，多情却被无情恼。
img_84327	但见泪痕湿，不知心恨谁。
img_84328	梦后楼台高锁，酒醒帘幕低垂。
img_84329	长相思，摧心肝。
img_84330	纵使文章惊海内，纸上苍生而已。
img_84331	已是黄昏独自愁，更著风和雨。
img_84332	满地芦花和我老，旧家燕子傍谁飞？
img_84333	这次第，怎一个愁字了得！
img_84334	而今才道当时错，心绪凄迷。
img_84335	名岂文章著，官应老病休。
img_84336	三杯两盏淡酒，怎敌他晚来风急？
img_84337	一上高城万里愁，蒹葭杨柳似汀洲。
img_84338	伤情处，高城望断，灯火已黄昏。
img_84339	愁云淡淡雨潇潇。暮暮复朝朝。
img_84340	惊起却回头，有恨无人省。
img_84341	欲写彩笺书别怨。泪痕早已先书满。
img_84342	伫倚危楼风细细。望极春愁，黯黯生天际。
img_84343	长太息以掩涕兮，哀民生之多艰。
img_84344	把吴钩看了，栏杆拍遍，无人会，登临意。
img_84345	还卿一钵无情泪，恨不相逢未剃时。
img_84346	无处不伤心，轻尘在玉琴。
img_84347	叹息老来交旧尽，睡来谁共午瓯茶。
img_84348	东园载酒西园醉，摘尽枇杷一树金。
img_84349	荷花娇欲语，愁杀荡舟人。
img_84350	别院深深夏席清，石榴开遍透帘明。
img_84351	风老莺雏，雨肥梅子，午阴嘉树清圆。
img_84352	午梦扁舟花底，香满西湖烟水。
img_84353	一霎荷塘过雨，明朝便是秋声。
img_84354	圆荷浮小叶，细麦落轻花。
img_84355	恨入空帷鸾影独，泪凝双脸渚莲光，薄情年少悔思量。
img_84356	低花树映小妆楼，春入眉心两点愁。
img_84357	胭脂雪瘦熏沉水，翡翠盘高走夜光。
img_84358	翠葆参差竹径成。新荷跳雨泪珠倾。
img_84359	晚风收暑，小池塘荷净。
img_84360	酷暑天，葵榴发，喷鼻香十里荷花。
img_84361	攀荷弄其珠，荡漾不成圆。
img_84362	携手藕花湖上路。一霎黄梅细雨。
img_84363	野童扶醉舞，山鸟助酣歌。
img_84364	向浅洲远渚，亭亭清绝。
img_84365	艇子几时同泛？待折荷花临鉴。
img_84366	芰荷迭映蔚，蒲稗相因依。
img_84367	四顾山光接水光，凭栏十里芰荷香。
img_84368	秋风吹到江村，正黄昏，寂寞梧桐夜雨不开门。
img_84369	悄无人桐阴转午，晚凉新浴。
img_84370	蛾眉淡了教谁画？瘦岩岩羞戴石榴花。
img_84371	纱厨藤簟，玉人罗扇轻缣。
img_84372	秀樾横塘十里香，水花晚色静年芳。
img_84373	游女带花偎伴笑，争窈窕，竞折团荷遮晚照。
img_84374	琴书倦，鹧鸪唤起南窗睡。
img_84375	团扇不摇风自举，盈盈翠竹，纤纤白苎，不受些儿暑。
img_84376	深夜无风新雨歇，凉月，露迎珠颗入圆荷。
img_84377	纵使有花兼有月，可堪无酒又无人。
img_84378	手红冰碗藕，藕碗冰红手。
img_84379	首夏犹清和，芳草亦未歇。
img_84380	松下茅亭五月凉，汀沙云树晚苍苍。
img_84381	莲子已成荷叶老。青露洗蘋花汀草。
img_84382	长夏村墟风日清，檐牙燕雀已生成。
img_84383	糁径杨花铺白毡，点溪荷叶叠青钱。
img_84384	弹泪别东风，把酒浇飞絮化了浮萍也是愁，莫向天涯去！
img_84385	谷鸟吟晴日，江猿啸晚风。
img_84386	酒盏旋将荷叶当。莲舟荡。时时盏里生红浪。
img_84387	香汗薄衫凉，凉衫薄汗香。
img_84388	我爱山中夏，空冥花雨下。
img_84389	楝花飘砌。蔌蔌清香细。
img_84390	雾柳暗时云度月，露荷翻处水流萤。
img_84391	燎沉香，消溽暑。
img_84392	佳节清明桃李笑，野田荒冢只生愁。
img_84393	纷纷红紫已成尘，布谷声中夏令新。
img_84394	水际轻烟，沙边微雨。荷花芳草垂杨渡。
img_84395	菱叶萦波荷飐风，荷花深处小船通。
img_84396	水天清话，院静人销夏。
img_84397	水满有时观下鹭，草深无处不鸣蛙。
img_84398	镜湖三百里，菡萏发荷花。
img_84399	仲夏苦夜短，开轩纳微凉。
img_84400	若耶溪傍采莲女，笑隔荷花共人语。
img_84401	笑指吾庐何处是？一池荷叶小桥横。
img_84402	孟夏草木长，绕屋树扶疏。
img_84403	四月清和雨乍晴，南山当户转分明。
img_84404	云收雨过波添，楼高水冷瓜甜，绿树阴垂画檐。
img_84405	深居俯夹城，春去夏犹清。
img_84406	玉碗冰寒滴露华，粉融香雪透轻纱。
img_84407	秀色掩今古，荷花羞玉颜。
img_84408	风蒲猎猎小池塘。过雨荷花满院香。
img_84409	绿阴不减来时路，添得黄鹂四五声。
img_84410	云尽月如练，水凉风似秋。
img_84411	风吹古木晴天雨，月照平沙夏夜霜。
img_84412	清江一曲抱村流，长夏江村事事幽。
img_84413	猿啼客散暮江头，人自伤心水自流。
img_84414	荷花开后西湖好，载酒来时。
img_84415	小扇引微凉，悠悠夏日长。
img_84416	更无柳絮因风起，惟有葵花向日倾。
img_84417	纸屏石枕竹方床，手倦抛书午梦长。
img_84418	月明船笛参差起，风定池莲自在香。
img_84419	芳菲歇去何须恨，夏木阴阴正可人。
img_84420	竹深树密虫鸣处，时有微凉不是风。
img_84421	草萤有耀终非火，荷露虽团岂是珠。
img_84422	梅子留酸软齿牙，芭蕉分绿与窗纱。
img_84423	水流花谢两无情，送尽东风过楚城。
img_84424	绿树阴浓夏日长，楼台倒影入池塘。
img_84425	荷风送香气，竹露滴清响。
img_84426	一夜雨声凉到梦，万荷叶上送秋来。
img_84427	漠漠水田飞白鹭，阴阴夏木啭黄鹂。
img_84428	黄梅时节家家雨，青草池塘处处蛙。
img_84429	稻花香里说丰年。听取蛙声一片。
img_84430	日长睡起无情思，闲看儿童捉柳花。
img_84431	水晶帘动微风起，满架蔷薇一院香。
img_84432	接天莲叶无穷碧，映日荷花别样红。
img_84433	小荷才露尖尖角，早有蜻蜓立上头。
img_84434	陋室空堂，当年笏满床衰草枯杨，曾为歌舞场。
img_84435	凭谁问，廉颇老矣，尚能饭否？
img_84436	千寻铁锁沉江底，一片降幡出石头。
img_84437	江东子弟今虽在，肯与君王卷土来？
img_84438	欲把西湖比西子，淡妆浓抹总相宜。
img_84439	王濬楼船下益州，金陵王气黯然收。
img_84440	画图省识春风面，环珮空归夜月魂。
img_84441	江山留胜迹，我辈复登临。
img_84442	折戟沉沙铁未销，自将磨洗认前朝。
img_84443	功盖三分国，名成八阵图。
img_84444	丞相祠堂何处寻，锦官城外柏森森。
img_84445	陌上花开蝴蝶飞，江山犹是昔人非。
img_84446	吴宫花草埋幽径，晋代衣冠成古丘。
img_84447	至今思项羽，不肯过江东。
img_84448	宫女如花满春殿，只今惟有鹧鸪飞。
img_84449	出师一表通今古，夜半挑灯更细看。
img_84450	群山万壑赴荆门，生长明妃尚有村。
img_84451	有三秋桂子，十里荷花。
img_84452	昔人已乘黄鹤去，此地空余黄鹤楼。
img_84453	遥想公瑾当年，小乔初嫁了，雄姿英发。
img_84454	前不见古人，后不见来者。
img_84455	千古江山，英雄无觅孙仲谋处。
img_84456	黄鹤一去不复返，白云千载空悠悠。
img_84457	长安回望绣成堆，山顶千门次第开。
img_84458	八阵图名成卧龙，六韬书功在飞熊。
img_84459	何处望神州？满眼风光北固楼。
img_84460	无情最是台城柳，依旧烟笼十里堤。
img_84461	旧时王谢堂前燕，飞入寻常百姓家。
img_84462	独自凄凉还自遣，自制离愁。
img_84463	断送一生憔悴，只销几个黄昏。
img_84464	都道无人愁似我，今夜雪，有梅花，似我愁。
img_84465	细看来，不是杨花，点点是离人泪。
img_84466	晓镜但愁云鬓改，夜吟应觉月光寒。
img_84467	何处合成愁。
img_84468	春水满四泽，夏云多奇峰。
img_84469	剑外忽传收蓟北，初闻涕泪满衣裳。
img_84470	美人自刎乌江岸，战火曾烧赤壁山，将军空老玉门关。
img_84471	离愁渐远渐无穷，迢迢不断如春水。
img_84472	南朝四百八十寺，多少楼台烟雨中。
img_84473	春去也，飞红万点愁如海。
img_84474	骊山语罢清宵半，泪雨霖铃终不怨。
img_84475	石壕村里夫妻别，泪比长生殿上多。
img_84476	卧龙跃马终黄土，人事音书漫寂寥。
img_84477	心似已灰之木，身如不系之舟。
img_84478	我亦飘零久！
img_84479	最是仓皇辞庙日，教坊犹奏别离歌，垂泪对宫娥。
img_84480	十有九人堪白眼，百无用是书生。
img_84481	秦时明月汉时关，万里长征人未还。
img_84482	人老去西风白发，蝶愁来明日黄花。
img_84483	自古圣贤尽贫贱，何况我辈孤且直！
img_84484	庭有枇杷树，吾妻死之年所手植也，今已亭亭如盖矣。
img_84485	年年岁岁望中秋，岁岁年年雾雨愁。
img_84486	念天地之悠悠，独怆然而涕下。
img_84487	连雨不知春去，一晴方觉夏深。
img_84488	愁肠已断无由醉，酒未到，先成泪。
img_84489	谁谓伤心画不成，画人心逐世人情。
img_84490	满目山河空念远，落花风雨更伤春，不如怜取眼前人。
img_84491	夜夜相思更漏残，伤心明月凭阑干，想君思我锦衾寒。
img_84492	雁引愁心去，山衔好月来。
img_84493	清风明月无人管，并作南楼一味凉。
img_84494	白发悲花落，青云羡鸟飞。
img_84495	庄生晓梦迷蝴蝶，望帝春心托杜鹃。
img_84496	朱门酒肉臭，路有冻死骨。
img_84497	二十四桥仍在，波心荡冷月无声。
img_84498	城上高楼接大荒，海天愁思正茫茫。
img_84499	白发三千丈，缘愁似个长。
img_84500	两句三年得，一吟双泪流。
img_84501	西风吹老洞庭波，一夜湘君白发多。
img_84502	晚日寒鸦一片愁。柳塘新绿却温柔。
img_84503	等闲变却故人心，却道故人心易变。
img_84504	移舟泊烟渚，日暮客愁新。
img_84505	平林漠漠烟如织，寒山一带伤心碧。
img_84506	红泪偷垂，满眼春风百事非。
img_84507	国破山河在，城春草木深。
img_84508	似花还似非花，也无人惜从教坠。
img_84509	依旧，依旧，人与绿杨俱瘦。
img_84510	黄河水，水阔无边深无底，其来不知几千里。
img_84511	黄河水绕汉宫墙，河上秋风雁几行。
img_84512	不闻爷娘唤女声，但闻黄河流水鸣溅溅。
img_84513	人间更有风涛险，翻说黄河是畏途。
img_84514	白日地中出，黄河天外来。
img_84515	黄河西来决昆仑，咆哮万里触龙门。
img_84516	黄河捧土尚可塞，北风雨雪恨难裁。
img_84517	君不见，黄河之水天上来，奔流到海不复回。
img_84518	岁岁金河复玉关，朝朝马策与刀环。
img_84519	黄河之水天上来，奔流到海不复回。
img_84520	槛菊愁烟兰泣露。罗幕轻寒，燕子双飞去。
img_84521	雪里已知春信至。寒梅点缀琼枝腻。
img_84522	遥知独听灯前雨，转忆同看雪后山。
img_84523	雪月最相宜，梅雪都清绝。
img_84524	明月照积雪，朔风劲且哀。
img_84525	人世几回伤往事，山形依旧枕寒流。
img_84526	去年相送，馀杭门外，飞雪似杨花。
img_84527	邯郸驿里逢冬至，抱膝灯前影伴身。
img_84528	飞絮飞花何处是，层冰积雪摧残，疏疏一树五更寒。
img_84529	玉骨那愁瘴雾，冰姿自有仙风。
img_84530	岁暮阴阳催短景，天涯霜雪霁寒宵。
img_84531	天山雪后海风寒，横笛偏吹行路难。
img_84532	前村深雪里，昨夜一枝开。
img_84533	万树寒无色，南枝独有花。
img_84534	细看不是雪无香，天风吹得香零落。
img_84535	雪中何以赠君别，惟有青青松树枝。
img_84536	梅花散彩向空山，雪花随意穿帘幕。
img_84537	林表明霁色，城中增暮寒。
img_84538	三日柴门拥不开，阶平庭满白皑皑。
img_84539	可有梅花寄一枝？雪来翠羽飞。
img_84540	将军狐裘卧不暖，都护宝刀冻欲断。
img_84541	雪里温柔，水边明秀，不借春工力。
img_84542	行人日暮少，风雪乱山深。
img_84543	燕支长寒雪作花，蛾眉憔悴没胡沙。
img_84544	天山三丈雪，岂是远行时。
img_84545	已讶衾枕冷，复见窗户明。
img_84546	黄昏庭院柳啼鸦，记得那人，和月折梨花。
img_84547	东君也不爱惜，雪压霜欺。
img_84548	夜寒不近流苏，只怜他后庭梅瘦。
img_84549	春近寒虽转，梅舒雪尚飘。
img_84550	散关三尺雪，回梦旧鸳机。
img_84551	脉脉花疏天淡，云来去数枝雪。
img_84552	将军玉帐貂鼠衣，手持酒杯看雪飞。
img_84553	同为懒慢园林客，共对萧条雨雪天。
img_84554	落絮无声春堕泪，行云有影月含羞。
img_84555	晓鸡惊树雪，寒鹜守冰池。
img_84556	马毛缩如蝟，角弓不可张。
img_84557	冰合大河流，茫茫一片愁。
img_84558	阑干风冷雪漫漫，惆怅无人把钓竿。
img_84559	冰合井泉月入闺，金缸青凝照悲啼。
img_84560	半卷红旗临易水，霜重鼓寒声不起。
img_84561	半夜倚乔松，不觉满衣雪。
img_84562	朔风吹雪透刀瘢，饮马长城窟更寒。
img_84563	野桥梅几树，并是白纷纷。
img_84564	风送梅花过小桥，飘飘。
img_84565	冻云宵遍岭，素雪晓凝华。
img_84566	长安大雪天，鸟雀难相觅。
img_84567	关山多雨雪，风水损毛衣。
img_84568	处所多霜雪，胡风春夏起。
img_84569	飞雪过江来，船在赤栏桥侧。
img_84570	天山雪云常不开，千峰万岭雪崔嵬。
img_84571	朝屯雪山下，暮宿青海旁。
img_84572	吹笳暮归野帐，雪压青毡。
img_84573	再折柳穿鱼，赏梅催雪。
img_84574	穷冬烈风，大雪深数尺，足肤皲裂而不知。
img_84575	风淅淅，雨纤纤。难怪春愁细细添。
img_84576	燕塞雪，片片大如拳。
img_84577	卷峭寒万里，平沙飞雪。
img_84578	携箩驱出敢偷闲，雪胫冰须惯忍寒。
img_84579	松雪飘寒，岭云吹冻，红破数椒春浅。
img_84580	少室众峰几峰别，一峰晴见一峰雪。
img_84581	我军青坂在东门，天寒饮马太白窟。
img_84582	岁暮百草零，疾风高冈裂。
img_84583	投宿骎骎征骑，飞雪满孤村。
img_84584	一条藤径绿，万点雪峰晴。
img_84585	败荷零落，衰杨掩映，岸边两两三三，浣沙游女。
img_84586	更可惜，雪中高树，香篝熏素被。
img_84587	寒冬十二月，苍鹰八九毛。
img_84588	三分春色二分愁，更一分风雨。
img_84589	记玉关踏雪事清游，寒气脆貂裘。
img_84590	漠漠黄云，湿透木棉裘。
img_84591	重唱梅边新度曲，催发寒梢冻蕊。
img_84592	绛雪生凉，碧霞笼夜，小立中庭芜地。
img_84593	寒沙四面平，飞雪千里惊。
img_84594	水晶帘外娟娟月，梨花枝上层层雪。
img_84595	酒酣应对燕山雪，正冰河月冻，晓陇云飞。
img_84596	侵夜鸾开镜，迎冬雉献裘。
img_84597	脊令各有思归恨，日月相催雪满颠。
img_84598	白雪关山远，黄云海戍迷。
img_84599	古戍苍苍烽火寒，大荒沈沈飞雪白。
img_84600	冻脸有痕皆是血，酸心无恨亦成灰。
img_84601	雪声偏傍竹，寒梦不离家。
img_84602	八年十二月，五日雪纷纷。
img_84603	叩枻长歌，嫦娥欲下，万里挥冰雪。
img_84604	北风夜卷赤亭口，一夜天山雪更厚。
img_84605	朔吹飘夜香，繁霜滋晓白。
img_84606	想雁空北落冬深，澹墨晚天云阔。
img_84607	剩水残山无态度，被疏梅料理成风月。
img_84608	戎衣不脱随霜雪，汗马骖单长被铁。
img_84609	今岁早梅开，依旧年时月。
img_84610	野客预知农事好，三冬瑞雪未全消。
img_84611	大雪北风催，家家贫白屋。
img_84612	残雪庭阴，轻寒帘影，霏霏玉管春葭。
img_84613	雪后燕瑶池，人间第一枝。
img_84614	衔霜当路发，映雪拟寒开。
img_84615	料因循误了，残毡拥雪，故人心眼。
img_84616	倚阑凝望，独立渔翁满江雪。
img_84617	正是天山雪下时，送君走马归京师。
img_84618	梅花大庾岭头发，柳絮章台街里飞。
img_84619	罗襟湿未干，又是凄凉雪。
img_84620	晴浦晚风寒，青山玉骨瘦。
img_84621	万顷风涛不记苏。雪晴江上麦千车。但令人饱我愁无。
img_84622	凄凄岁暮风，翳翳经日雪。
img_84623	西风满天雪，何处报人恩。
img_84624	千尺阴崖尘不到，惟有层冰积雪。
img_84625	岁云暮矣多北风，潇湘洞庭白雪中。
img_84626	向来冰雪凝严地，力斡春回竟是谁？
img_84627	去年射虎南山秋，夜归急雪满貂裘。
img_84628	雪霏霏，风凛凛，玉郎何处狂饮？
img_84629	寒色孤村幕，悲风四野闻。
img_84630	共庆新年笑语哗，红岩士女赠梅花。
img_84631	正是霜风飘断处，寒鸥惊起一双双。
img_84632	千点寒梅晓角中，一番春信画楼东。
img_84633	典尽客衣三尺雪，炼精诗句一头霜。
img_84634	岸容待腊将舒柳，山意冲寒欲放梅。
img_84635	山雪河冰野萧瑟，青是烽烟白人骨。
img_84636	金带连环束战袍，马头冲雪度临洮。
img_84637	冬夜兮陶陶，雨雪兮冥冥。
img_84638	半夜衔枚，满城深雪，忽已亡悬瓠。
img_84639	江寒水不流，鱼嚼梅花影。
img_84640	昨夜醉眠西浦月。今宵独钓南溪雪。
img_84641	万里寒光生积雪，三边曙色动危旌。
img_84642	烟尘犯雪岭，鼓角动江城。
img_84643	雪照山城玉指寒，一声羌管怨楼间。
img_84644	行人与我玩幽境，北风切切吹衣冷。
img_84645	霜轻未杀萋萋草，日暖初干漠漠沙。
img_84646	城里夕阳城外雪，相将十里异阴晴。
img_84647	孤飞一片雪，百里见秋毫。
img_84648	夜来城外一尺雪，晓驾炭车辗冰辙。
img_84649	十月江南天气好，可怜冬景似春华。
img_84650	寒月悲笳，万里西风瀚海沙
img_84651	入世冷挑红雪去，离尘香割紫云来。
img_84652	江南江北雪漫漫。遥知易水寒。
img_84653	闻道梅花坼晓风，雪堆遍满四山中。
img_84654	轮台东门送君去，去时雪满天山路。
img_84655	马毛带雪汗气蒸，五花连钱旋作冰，幕中草檄砚水凝。
img_84656	雪似梅花，梅花似雪。似和不似都奇绝。
img_84657	应是夜寒凝。恼得梅花睡不成。
img_84658	横笛闻声不见人，红旗直上天山雪。
img_84659	溪深古雪在，石断寒泉流。
img_84660	天仙碧玉琼瑶，点点扬花，片片鹅毛。
img_84661	剑河风急雪片阔，沙口石冻马蹄脱。
img_84662	北风吹雪四更初，嘉瑞天教及岁除。
img_84663	雪粉华，舞梨花，再不见烟村四五家。
img_84664	不知庭霰今朝落，疑是林花昨夜开。
img_84665	冰雪襟怀，琉璃世界，夜气清如许。
img_84666	江涵雁影梅花瘦，四无尘雪飞云起，夜窗如昼。
img_84667	地白风色寒，雪花大如手。
img_84668	野云万里无城郭，雨雪纷纷连大漠。
img_84669	纷纷暮雪下辕门，风掣红旗冻不翻。
img_84670	一声画角谯门，丰庭新月黄昏，雪里山前水滨。
img_84671	檐流未滴梅花冻，一种清孤不等闲。
img_84672	冬夜夜寒觉夜长，沉吟久坐坐北堂。
img_84673	路出寒云外，人归暮雪时。
img_84674	最爱东山晴后雪，软红光里涌银山。
img_84675	稚子金盆脱晓冰，彩丝穿取当银铮。
img_84676	隔牖风惊竹，开门雪满山。
img_84677	火冷灯稀霜露下，昏昏雪意云垂野。
img_84678	朔风吹散三更雪，倩魂犹恋桃花月。
img_84679	数萼初含雪，孤标画本难。
img_84680	更无花态度，全有雪精神。
img_84681	乱云低薄暮，急雪舞回风。
img_84682	溪深难受雪，山冻不流云。
img_84683	江头未是风波恶，别有人间行路难！
img_84684	日暮诗成天又雪，与梅并作十分春。
img_84685	百川东到海，何时复西归？
img_84686	锦江春色来天地，玉垒浮云变古今。
img_84687	荷叶罗裙一色裁，芙蓉向脸两边开。
img_84688	黄河落天走东海，万里写入胸怀间。
img_84689	黄云万里动风色，白波九道流雪山。
img_84690	落木千山天远大，澄江一道月分明。
img_84691	余霞散成绮，澄江静如练。
img_84692	郁孤台下清江水，中间多少行人泪？
img_84693	涉江采芙蓉，兰泽多芳草。
img_84694	深知身在情长在，怅望江头江水声。
img_84695	黄师塔前江水东，春光懒困倚微风。
img_84696	江雨霏霏江草齐，六朝如梦鸟空啼。
img_84697	西山白雪三城戍，南浦清江万里桥。
img_84698	峰峦如聚，波涛如怒，山河表里潼关路。
img_84699	三春白雪归青冢，万里黄河绕黑山。
img_84700	天将暮，雪乱舞，半梅花半飘柳絮。
img_84701	雪纷纷，掩重门，不由人不断魂，瘦损江梅韵。
img_84702	瀚海阑干百丈冰，愁云惨淡万里凝。
img_84703	烟霏霏。雪霏霏。雪向梅花枝上堆。
img_84704	浔阳江头夜送客，枫叶荻花秋瑟瑟。
img_84705	柴门闻犬吠，风雪夜归人。
img_84706	细雨斜风作晓寒。淡烟疏柳媚晴滩。
img_84707	欲渡黄河冰塞川，将登太行雪满山。
img_84708	晨起开门雪满山，雪晴云淡日光寒。
img_84709	相呼相应湘江阔，苦竹丛深日向西。
img_84710	江暗雨欲来，浪白风初起。
img_84711	渭北春天树，江东日暮云。
img_84712	登高壮观天地间，大江茫茫去不还。
img_84713	江水侵云影，鸿雁欲南飞。
img_84714	江上晚来堪画处，钓鱼人一蓑归去。
img_84715	漫江碧透，百舸争流。
img_84716	望长城内外，惟余莽莽大河上下，顿失滔滔。
img_84717	醉不成欢惨将别，别时茫茫江浸月。
img_84718	岭树重遮千里目，江流曲似九回肠。
img_84719	洞庭之东江水西，帘旌不动夕阳迟。
img_84720	澄江平少岸，幽树晚多花。
img_84721	九曲黄河万里沙，浪淘风簸自天涯。
img_84722	怒涛卷霜雪，天堑无涯。
img_84723	江深竹静两三家，多事红花映白花。
img_84724	东船西舫悄无言，唯见江心秋月白。
img_84725	江上阴云锁梦魂，江边深夜舞刘琨。
img_84726	山无陵，江水为竭。
img_84727	江阔云低断雁叫西风。
img_84728	锦江近西烟水绿，新雨山头荔枝熟。
img_84729	秋风起兮木叶飞，吴江水兮鲈正肥。
img_84730	千里澄江似练，翠峰如簇。
img_84731	唯有长江水，无语东流。
img_84732	月落沙平江似练。望尽芦花无雁。
img_84733	漳水出焉，东流注于河。
img_84734	即从巴峡穿巫峡，便下襄阳向洛阳。
img_84735	郴江幸自绕郴山，为谁流下潇湘去。
img_84736	秋江上，看惊弦雁避，骇浪船回。
img_84737	朝骋骛兮江皋，夕弭节兮北渚
img_84738	河水萦带，群山纠纷。
img_84739	河水倾泼丈余，鸡鸣犬吠满城中。
img_84740	正西望长安，下见江水流。
img_84741	湘江千岁未为陵，水底鱼龙应识字。
img_84742	语来江色暮，独自下寒烟。
img_84743	黄芦掩映清江下，斜缆着钓鱼艖。
img_84744	堪笑楚江空渺渺，不能洗得直臣冤。
img_84745	江带峨眉雪，川横三峡流。
img_84746	泛楼船兮济汾河，横中流兮扬素波。
img_84747	荆吴相接水为乡，君去春江正淼茫。
img_84748	长堤春水绿悠悠，畎入漳河一道流。
img_84749	江上小堂巢翡翠，苑边高冢卧麒麟。
img_84750	天势围平野，河流入断山。
img_84751	沧江好烟月，门系钓鱼船。
img_84752	小舟横截春江，卧看翠壁红楼起。
img_84753	白露横江，水光接天。
img_84754	江水漾西风，江花脱晚红。
img_84755	杨柳东风树，青青夹御河。
img_84756	江湖多风波，舟楫恐失坠。
img_84757	湖清霜镜晓，涛白雪山来。
img_84758	大江流日夜，客心悲未央。
img_84759	昨夜江边春水生，艨艟巨舰一毛轻。
img_84760	江间波浪兼天涌，塞上风云接地阴。
img_84761	山桃红花满上头，蜀江春水拍山流。
img_84762	不积小流，无以成江海。
img_84763	蜀江水碧蜀山青，圣主朝朝暮暮情。
img_84764	湘江两岸花木深，美人不见愁人心。
img_84765	河海不择细流，故能就其深
img_84766	木落雁南度，北风江上寒。
img_84767	终南阴岭秀，积雪浮云端。
img_84768	砌下落梅如雪乱，拂了一身还满。
img_84769	大雪压青松，青松挺且直。
img_84770	草枯鹰眼疾，雪尽马蹄轻。
img_84771	燕山雪花大如席，片片吹落轩辕台。
img_84772	窗含西岭千秋雪，门泊东吴万里船。
img_84773	千里黄云白日曛，北风吹雁雪纷纷。
img_84774	云横秦岭家何在？雪拥蓝关马不前。
img_84775	北国风光，千里冰封，万里雪飘。
img_84776	不知近水花先发，疑是经冬雪未销。
img_84777	日暮苍山远，天寒白屋贫。
img_84778	墙角数枝梅，凌寒独自开。
img_84779	冰雪林中著此身，不同桃李混芳尘
img_84780	江上春山远，山下暮云长。
img_84781	六出飞花入户时，坐看青竹变琼枝。
img_84782	长江如虹贯，蟠绕其下。
img_84783	长江万里东注，晓吹卷惊涛。
img_84784	日暮长江里，相邀归渡头。
img_84785	浮云遮月不分明，谁挽长江一洗放天青？
img_84786	涛澜汹涌，风云开阖。
img_84787	长江千里，烟淡水云阔。
img_84788	湛湛长江去，冥冥细雨来。
img_84789	惆怅南朝事，长江独至今。
img_84790	青海长云暗雪山，孤城遥望玉门关。
img_84791	长江巨浪征人泪，一夜西风共白头。
img_84792	舒卷江山图画，应答龙鱼悲啸，不暇顾诗愁。
img_84793	长江春水绿堪染，莲叶出水大如钱。
img_84794	阁中帝子今何在？槛外长江空自流。
img_84795	不知江月待何人，但见长江送流水。
img_84796	天门中断楚江开，碧水东流至此回。
img_84797	多少天涯未归客，尽借篱落看秋风。
img_84798	寒山转苍翠，秋水日潺湲。
img_84799	一轮秋影转金波，飞镜又重磨。
img_84800	共眠一舸听秋雨，小簟轻衾各自寒。
img_84801	江涵秋影雁初飞，与客携壶上翠微。
img_84802	最是秋风管闲事，红他枫叶白人头。
img_84803	菡萏香销翠叶残，西风愁起绿波间。
img_84804	人烟寒橘柚，秋色老梧桐。
img_84805	夜深知雪重，时闻折竹声。
img_84806	白日依山尽，黄河入海流。
img_84807	朝辞白帝彩云间，千里江陵一日还。
img_84808	青枫江上秋帆远，白帝城边古木疏。
img_84809	海日生残夜，江春入旧年。
img_84810	千古兴亡多少事？悠悠。不尽长江滚滚流。
img_84811	欲将轻骑逐，大雪满弓刀。
img_84812	曲终人不见，江上数峰青。
img_84813	桂花浮玉，正月满天街，夜凉如洗。
img_84814	看蓬门秋草，年年破巷，疏窗细雨，夜夜孤灯。
img_84815	菊花何太苦，遭此两重阳？
img_84816	秋草独寻人去后，寒林空见日斜时。
img_84817	离别一何久，七度过中秋。
img_84818	金河秋半虏弦开，云外惊飞四散哀。
img_84819	南山与秋色，气势两相高。
img_84820	况屈指中秋，十分好月，不照人圆。
img_84821	况属高风晚，山山黄叶飞。
img_84822	白酒新熟山中归，黄鸡啄黍秋正肥。
img_84823	荒城临古渡，落日满秋山。
img_84824	纷纷坠叶飘香砌。夜寂静，寒声碎。
img_84825	马穿山径菊初黄，信马悠悠野兴长。
img_84826	老去悲秋强自宽，兴来今日尽君欢。
img_84827	烽火城西百尺楼，黄昏独上海风秋。
img_84828	登舟望秋月，空忆谢将军。
img_84829	荆溪白石出，天寒红叶稀。
img_84830	常恐秋风早，飘零君不知。
img_84831	青枫飒飒雨凄凄，秋色遥看入楚迷。
img_84832	江南几度梅花发，人在天涯鬓已斑。
img_84833	鸟下绿芜秦苑夕，蝉鸣黄叶汉宫秋。
img_84834	竹叶于人既无分，菊花从此不须开。
img_84835	白云映水摇空城，白露垂珠滴秋月。
img_84836	日暮秋烟起，萧萧枫树林。
img_84837	芙蓉生在秋江上，不向东风怨未开。
img_84838	昨夜秋风入汉关，朔云边月满西山。
img_84839	寒蝉鸣处，回首斜阳暮。
img_84840	短篱残菊一枝黄。正是乱山深处过重阳。
img_84841	明岁秋风知再会，暂时分手莫相思。
img_84842	天与秋光，转转情伤，探金英知近重阳。
img_84843	峨眉山月半轮秋，影入平羌江水流。
img_84844	休问梁园旧宾客，茂陵秋雨病相如。
img_84845	十轮霜影转庭梧，此夕羁人独向隅。
img_84846	吹到一片秋香，清辉了如雪。
img_84847	何当载酒来，共醉重阳节。
img_84848	鹊飞山月曙，蝉噪野风秋。
img_84849	庭户无人秋月明，夜霜欲落气先清。
img_84850	秋霜欲下手先知，灯底裁缝剪刀冷。
img_84851	望处雨收云断，凭阑悄悄，目送秋光。
img_84852	秋风吹不尽，总是玉关情。
img_84853	萤飞秋窗满，月度霜闺迟。
img_84854	一点残红欲尽时。乍凉秋气满屏帏。
img_84855	乡书不可寄，秋雁又南回。
img_84856	白狼河北音书断，丹凤城南秋夜长。
img_84857	不如随分尊前醉，莫负东篱菊蕊黄。
img_84858	落日心犹壮，秋风病欲疏。
img_84859	高梧百尺夜苍苍，乱扫秋星落晓霜。
img_84860	醉里秋波，梦中朝雨，都是醒时烦恼。
img_84861	诗成自写红叶，和恨寄东流。
img_84862	昔看黄菊与君别，今听玄蝉我却回。
img_84863	深秋绝塞谁相忆，木叶萧萧。
img_84864	白雁乱飞秋似雪，清露生凉夜。
img_84865	千里江山昨梦非，转眼秋光如许。
img_84866	阴生古苔绿，色染秋烟碧。
img_84867	今日云景好，水绿秋山明。
img_84868	寂历秋江渔火稀，起看残月映林微。
img_84869	回廊远砌生秋草，梦魂千里青门道。
img_84870	秋晚莼鲈江上，夜深儿女灯前。
img_84871	秋到边城角声哀，烽火照高台。
img_84872	青天蜀道难，红叶吴江冷。
img_84873	红叶满寒溪，一路空山万木齐。
img_84874	镜水夜来秋月，如雪。
img_84875	小溪清水平如镜，一叶飞来浪细生。
img_84876	尘中见月心亦闲，况是清秋仙府间。
img_84877	南陵水面漫悠悠，风紧云轻欲变秋。
img_84878	秋鬓含霜白，衰颜倚酒红。
img_84879	故乡篱下菊，今日几花开。
img_84880	今日山城对垂泪，伤心不独为悲秋。
img_84881	千山鸟飞绝，万径人踪灭。
img_84882	何因不归去？淮上有秋山。
img_84883	南浦凄凄别，西风袅袅秋。
img_84884	明日巴陵道，秋山又几重。
img_84885	秋空明月悬，光彩露沾湿。
img_84886	细数十年事，十处过中秋。
img_84887	萧萧远树疏林外，一半秋山带夕阳。
img_84888	相逢秋月满，更值夜萤飞。
img_84889	秋风萧瑟，洪波涌起。
img_84890	如何肯到清秋日，已带斜阳又带蝉。
img_84891	明朝万一西风动，争向朱颜不耐秋。
img_84892	秋夜访秋士，先闻水上音。
img_84893	朔风如解意，容易莫摧残。
img_84894	络纬秋啼金井阑，微霜凄凄簟色寒。
img_84895	不觉碧山暮，秋云暗几重。
img_84896	知音如不赏，归卧故山秋。
img_84897	萧萧落木不胜秋，莫回首斜阳下。
img_84898	携壶酌流霞，搴菊泛寒荣。
img_84899	秋波落泗水，海色明徂徕。
img_84900	云山行处合，风雨兴中秋。
img_84901	紫艳半开篱菊静，红衣落尽渚莲愁。
img_84902	绿蓑江上秋闻笛，红袖楼头夜倚栏。
img_84903	凉叶萧萧散雨声，虚堂淅淅掩霜清。
img_84904	求得人间成小会，试把金尊傍菊丛。
img_84905	涉江玩秋水，爱此红蕖鲜。
img_84906	秋逼暗虫通夕响，征衣未寄莫飞霜。
img_84907	且欲近寻彭泽宰，陶然共醉菊花杯。
img_84908	记晓叶题霜，秋灯吟雨，曾系长桥过艇。
img_84909	雁啼红叶天，人醉黄花地，芭蕉雨声秋梦里。
img_84910	重见金英人未见。相思一夜天涯远。
img_84911	秋花冒绿水，密叶罗青烟。
img_84912	宿空房，秋夜长，夜长无寐天不明。
img_84913	玉露金风报素秋，穿针楼上独含愁。
img_84914	早是他乡值早秋，江亭明月带江流。
img_84915	调角断清秋，征人倚戍楼。
img_84916	夕阳鸟外，秋风原上，目断四天垂。
img_84917	此时瞻白兔，直欲数秋毫。
img_84918	新寒中酒敲窗雨，残香细袅秋情绪。
img_84919	深秋寒夜银河静，月明深院中庭。
img_84920	秋风夜渡河，吹却雁门桑。
img_84921	月到东南秋正半。双阙中间，浩荡流银汉。
img_84922	时靸双鸳响，廊叶秋声。
img_84923	八月寒苇花，秋江浪头白。
img_84924	渌水明秋月，南湖采白蘋。
img_84925	城边有古树，日夕连秋声。
img_84926	日夕凉风至，闻蝉但益悲。
img_84927	闲鹭栖常早，秋花落更迟。
img_84928	五原秋草绿，胡马一何骄。
img_84929	秋阴时晴渐向暝，变一庭凄冷。
img_84930	霜天秋晓，正紫塞故垒，黄云衰草。
img_84931	霜降碧天静，秋事促西风。
img_84932	信宿渔人还泛泛，清秋燕子故飞飞。
img_84933	杪秋霜露重，晨起行幽谷。
img_84934	晴云满户团倾盖，秋水浮阶溜决渠。
img_84935	秋色雁声愁几许，都在斜阳。
img_84936	秋色从西来，苍然满关中。
img_84937	春山碧树秋重绿，人在武陵溪。
img_84938	丹枫万叶碧云边，黄花千点幽岩下。
img_84939	无限枝头好颜色，可怜开不为重阳。
img_84940	浓雾知秋晨气润，薄云遮日午阴凉，不须飞盖护戎装。
img_84941	霜威出塞早，云色渡河秋。
img_84942	枕簟溪堂冷欲秋。断云依水晚来收。
img_84943	是天外空汗漫，但长风浩浩送中秋。
img_84944	天长雁影稀，月落山容瘦，冷清清暮秋时候。
img_84945	流星飞玉弹，宝剑落秋霜。
img_84946	黄花深巷，红叶低窗，凄凉一片秋声。
img_84947	秋色渐将晚，霜信报黄花。
img_84948	辞柯霜叶，飞来就我题红。
img_84949	冷红叶叶下塘秋。长与行云共一舟。
img_84950	洞庭叶未下，潇湘秋欲生。
img_84951	天秋木叶下，月冷莎鸡悲。
img_84952	伫听寒声，云深无雁影。
img_84953	去年东武今夕，明月不胜愁。
img_84954	晚云都变露，新月初学扇，塞鸿一字来如线。
img_84955	秋晓上莲峰，高蹑倚天青壁。
img_84956	秋寂寞。秋风夜雨伤离索。
img_84957	栖鸦流水点秋光，爱此萧疏树几行。
img_84958	梧桐雨细。渐滴作秋声，被风惊碎。
img_84959	十二峰头秋草荒，冷烟寒月过瞿塘。
img_84960	日暮平沙秋草乱，一双白鸟避人飞。
img_84961	烟霏云敛其容清明，天高日晶
img_84962	天秋月又满，城阙夜千重。
img_84963	愁与西风应有约，年年同赴清秋。
img_84964	残萤栖玉露，早雁拂金河。
img_84965	落日塞尘起，胡骑猎清秋。
img_84966	云物凄凉拂曙流，汉家宫阙动高秋。
img_84967	最爱芦花经雨后，一蓬烟火饭鱼船。
img_84968	秋已尽，日犹长，仲宣怀远更凄凉。
img_84969	今日暂同芳菊酒，明朝应作断蓬飞。
img_84970	只有一枝梧叶，不知多少秋声。
img_84971	古台摇落后，秋日望乡心。
img_84972	蝉鸣空桑林，八月萧关道。
img_84973	秋来相顾尚飘蓬，未就丹砂愧葛洪。
img_84974	楼倚霜树外，镜天无一毫。
img_84975	船动湖光滟滟秋，贪看年少信船流。
img_84976	三湘愁鬓逢秋色，万里归心对月明。
img_84977	弓背霞明剑照霜，秋风走马出咸阳。
img_84978	布被秋宵梦觉，眼前万里江山。
img_84979	鸿雁几时到，江湖秋水多。
img_84980	丁丁漏水夜何长，漫漫轻云露月光。
img_84981	秋风万里芙蓉国，暮雨千家薜荔村。
img_84982	梧桐真不甘衰谢，数叶迎风尚有声。
img_84983	山黛远，月波长，暮云秋影蘸潇湘。
img_84984	行人无限秋风思，隔水青山似故乡。
img_84985	昨夜风兼雨，帘帏飒飒秋声。
img_84986	何处秋风至？萧萧送雁群。
img_84987	南湖秋水夜无烟，耐可乘流直上天。
img_84988	秋雨一何碧，山色倚晴空。
img_84989	冉冉秋光留不住，满阶红叶暮。
img_84990	满园花菊郁金黄，中有孤丛色似霜。
img_84991	红叶晚萧萧，长亭酒一瓢。
img_84992	秋气堪悲未必然，轻寒正是可人天。
img_84993	深秋帘幕千家雨，落日楼台一笛风。
img_84994	欲说还休，却道天凉好个秋！
img_84995	梅定妒，菊应羞。画阑开处冠中秋。
img_84996	雨中山果落，灯下草虫鸣。
img_84997	远书归梦两悠悠，只有空床敌素秋。
img_84998	戍鼓断人行，边秋一雁声。
img_84999	怀君属秋夜，散步咏凉天。
img_85000	山明水净夜来霜，数树深红出浅黄。
img_85001	漠漠秋云起，稍稍夜寒生。
img_85002	繁霜尽是心头血，洒向千峰秋叶丹。
img_85003	饮马渡秋水，水寒风似刀。
img_85004	八月秋高风怒号，卷我屋上三重茅。
img_85005	黄菊枝头生晓寒。人生莫放酒杯干。
img_85006	随意春芳歇，王孙自可留。
img_85007	杨柳青青江水平，闻郎江上唱歌声。
img_85008	三万里河东入海，五千仞岳上摩天。
img_85009	山随平野尽，江入大荒流。
img_85010	江流天地外，山色有无中。
img_85011	黄河远上白云间，一片孤城万仞山。
img_85012	野旷天低树，江清月近人。
img_85013	我住长江头，君住长江尾。
img_85014	一道残阳铺水中，半江瑟瑟半江红。
img_85015	胭脂洗出秋阶影，冰雪招来露砌魂。
img_85016	凤凰台上凤凰游，凤去台空江自流。
img_85017	泰山不要欺毫末，颜子无心羡老彭。
img_85018	造化钟神秀，阴阳割昏晓。
img_85019	岱宗夫如何？齐鲁青未了。
img_85020	人间万事，毫发常重泰山轻。
img_85021	浊酒不销忧国泪，救时应仗出群才。
img_85022	烈士暮年，壮心不已。
img_85023	封侯非我意，但愿海波平。
img_85024	未收天子河湟地，不拟回头望故乡。
img_85025	诗界千年靡靡风，兵魂销尽国魂空。
img_85026	淮水东边旧时月，夜深还过女墙来。
img_85027	报君黄金台上意，提携玉龙为君死！
img_85028	一身报国有万死，双鬓向人无再青。
img_85029	伏波惟愿裹尸还，定远何须生入关。
img_85030	三顾频烦天下计，两朝开济老臣心。
img_85031	范增一去无谋主，韩信原来是逐臣。
img_85032	剪不断，理还乱，是离愁。别是一般滋味在心头。
img_85033	但愿苍生俱饱暖，不辞辛苦出山林。
img_85034	白马金鞍从武皇，旌旗十万宿长杨。
img_85035	形胜三分国，波流万世功。
img_85036	咸言上国繁华，岂谓帝城羁旅。
img_85037	报国无门空自怨，济时有策从谁吐。
img_85038	无限伤心夕照中，故国凄凉，剩粉余红。
img_85039	予若洞庭叶，随波送逐臣。
img_85040	汉家君臣欢宴终，高议云台论战功。
img_85041	十年驱驰海色寒，孤臣于此望宸銮。
img_85042	祖国沉沦感不禁，闲来海外觅知音。
img_85043	目断秋霄落雁，醉来时响空弦。
img_85044	以国为国，以天下为天下。
img_85045	北极朝廷终不改，西山寇盗莫相侵。
img_85046	世态便如翻覆雨，妾身元是分明月。
img_85047	汉家天子今神武，不肯和亲归去来。
img_85048	闻道皇华使，方随皂盖臣。
img_85049	相州昼锦堂厨酝，卫国淇川岸竹萌。
img_85050	野臣潜随击壤老，日下鼓腹歌可封。
img_85051	天意眷我中兴，吾皇神武，踵曾孙周发。
img_85052	大江东去，浪淘尽，千古风流人物。
img_85053	犹怜惯去国，疑是梦还家。
img_85054	四牡何时入，吾君忆履声。
img_85055	问元戎早晚，鸣鞭径去，解天山箭。
img_85056	婿为燕国王，身被诏狱加。
img_85057	蜀魂飞绕百鸟臣，夜半一声山竹裂。
img_85058	使君宏放，谈笑洗尽古今愁。
img_85059	伤心庾开府，老作北朝臣。
img_85060	既秉上皇心，岂屑末代诮。
img_85061	宠锡从仙禁，光华出汉京。
img_85062	为奏薰琴唱，仍题宝剑名。
img_85063	扈跸老臣身万里，天寒来此听江声！
img_85064	乃翁知国如知兵，塞垣草木识威名。
img_85065	星垂平野阔，月涌大江流。
img_85066	山甫归应疾，留侯功复成。
img_85067	归来报名主，恢复旧神州。
img_85068	无边落木萧萧下，不尽长江滚滚来。
img_85069	况复烦促倦，激烈思时康。
img_85070	中夜四五叹，常为大国忧。
img_85071	眼觑着灾伤教我没是处，只落得雪满头颅。
img_85072	天相汉，民怀国。
img_85073	平生端有活国计，百不一试薶九京。
img_85074	谁料苏卿老归国，茂陵松柏雨萧萧。
img_85075	若顺吾皇意，即无臣子心。
img_85076	中心愿，平虏保民安国。
img_85077	奇谋报国，可怜无用，尘昏白羽。
img_85078	万国奔腾，两宫幽陷，此恨何时雪。
img_85079	倚高寒愁生故国，气吞骄虏。
img_85080	可怜报国无路，空白一分头。
img_85081	中原事业如江左，芳草何须怨六朝。
img_85082	秋送新鸿哀破国，昼行饥虎齧空林。
img_85083	无边家国事，并入双蛾翠。
img_85084	缟素酬家国，戈船决死生！
img_85085	天与三台座，人当万里城。
img_85086	金瓯已缺总须补，为国牺牲敢惜身！
img_85087	放逐肯消亡国恨？岁时犹动楚人哀！
img_85088	北极怀明主，南溟作逐臣。
img_85089	余亦赴京国，何当献凯还。
img_85090	为问花何在，夜来风雨，葬楚宫倾国。
img_85091	一去隔绝国，思归但长嗟。
img_85092	故国伤心，新亭泪眼，更洒潇潇雨。
img_85093	谁分去来乡国事，凄然，曾是承平两少年。
img_85094	且凭天子怒，复倚将军雄。
img_85095	旌蔽日兮敌若云，矢交坠兮士争先。
img_85096	如何亡国恨，尽在大江东！
img_85097	千年史册耻无名，一片丹心报天子。
img_85098	忘身辞凤阙，报国取龙庭。
img_85099	投躯报明主，身死为国殇。
img_85100	天子临轩赐侯印，将军佩出明光宫。
img_85101	地下千年骨，谁为辅佐臣。
img_85102	带长剑兮挟秦弓，首身离兮心不惩。
img_85103	小来思报国，不是爱封侯。
img_85104	生平未报国，留作忠魂补。
img_85105	梦绕神州路。
img_85106	梦绕边城月，心飞故国楼。
img_85107	去国十年老尽少年心。
img_85108	好水好山看不足，马蹄催趁月明归。
img_85109	灵台无计逃神矢，风雨如磐暗故园。
img_85110	臣子恨，何时灭！驾长车，踏破贺兰山缺。
img_85111	只有精忠能报国，更无乐土可为家。
img_85112	军歌应唱大刀环，誓灭胡奴出玉关。
img_85113	时危见臣节，世乱识忠良。
img_85114	他乡生白发，旧国见青山。
img_85115	胸中有誓深于海，肯使神州竟陆沉？
img_85116	塞上长城空自许，镜中衰鬓已先斑。
img_85117	兴，百姓苦亡，百姓苦！
img_85118	楚虽三户能亡秦，岂有堂堂中国空无人！
img_85119	入则无法家拂士，出则无敌国外患者，国恒亡。
img_85120	欲为圣明除弊事，肯将衰朽惜残年。
img_85121	操吴戈兮被犀甲，车错毂兮短兵接。
img_85122	泽国江山入战图，生民何计乐樵苏。
img_85123	白头搔更短，浑欲不胜簪。
img_85124	胡未灭，鬓先秋。泪空流。
img_85125	早岁那知世事艰，中原北望气如山。
img_85126	愿将腰下剑，直为斩楼兰。
img_85127	会挽雕弓如满月，西北望，射天狼。
img_85128	西登香炉峰，南见瀑布水。
img_85129	笑别庐山远，何烦过虎溪。
img_85130	昼夜蔽日月，冬夏共霜雪。
img_85131	香炉初上日，瀑水喷成虹。
img_85132	挂席几千里，名山都未逢。
img_85133	今古长如白练飞，一条界破青山色。
img_85134	去年上巳洛桥边，今年寒食庐山曲。
img_85135	庐山烟雨浙江潮，未至千般恨不消。
img_85136	日照香炉生紫烟，遥看瀑布挂前川。
img_85137	秋水时至，百川灌河。
img_85138	年年陌上生秋草，日日楼中到夕阳。
img_85139	羌管悠悠霜满地，人不寐，将军白发征夫泪。
img_85140	却道天凉好个秋！
img_85141	夜雨剪春韭，新炊间黄粱。
img_85142	桃花春色暖先开，明媚谁人不看来。
img_85143	报道先生归也，杏花春雨江南。
img_85144	映阶碧草自春色，隔叶黄鹂空好音。
img_85145	幸遇三杯酒好，况逢一朵花新。
img_85146	可堪孤馆闭春寒，杜鹃声里斜阳暮。
img_85147	一畦春韭绿，十里稻花香。
img_85148	子规夜半犹啼血，不信东风唤不回。
img_85149	风雨送春归，飞雪迎春到。
img_85150	料峭春风吹酒醒，微冷，山头斜照却相迎。
img_85151	留连戏蝶时时舞，自在娇莺恰恰啼。
img_85152	纵被春风吹作雪，绝胜南陌碾成尘。
img_85153	帘外雨潺潺，春意阑珊。
img_85154	律回岁晚冰霜少，春到人间草木知。
img_85155	池上碧苔三四点，叶底黄鹂一两声。
img_85156	三月三日天气新，长安水边多丽人。
img_85157	云霞出海曙，梅柳渡江春。
img_85158	晚来天欲雪，能饮一杯无。
img_85159	春风疑不到天涯，二月山城未见花。
img_85160	长恨春归无觅处，不知转入此中来。
img_85161	况是青春日将暮，桃花乱落如红雨。
img_85162	把酒祝东风，且共从容。
img_85163	道由白云尽，春与青溪长。
img_85164	试上超然台上看，半壕春水一城花。
img_85165	阳春布德泽，万物生光辉。
img_85166	渭城朝雨浥轻尘，客舍青青柳色新。
img_85167	雪消门外千山绿，花发江边二月晴。
img_85168	归装渐理君知否？笑指庐山古涧藤。
img_85169	楼头残梦五更钟，花底离情三月雨。
img_85170	梨花风起正清明，游子寻春半出城。
img_85171	瑶草一何碧，春入武陵溪。
img_85172	城上风光莺语乱，城下烟波春拍岸。
img_85173	可怜日暮嫣香落，嫁与春风不用媒。
img_85174	终日昏昏醉梦间，忽闻春尽强登山。
img_85175	草色全经细雨湿，花枝欲动春风寒。
img_85176	若待明朝风雨过，人在天涯！春在天涯。
img_85177	春山暖日和风，阑干楼阁帘栊，杨柳秋千院中。
img_85178	日暖泥融雪半消，行人芳草马声骄。
img_85179	红树青山日欲斜，长郊草色绿无涯。
img_85180	雪沫乳花浮午盏，蓼茸蒿笋试春盘。
img_85181	江春不肯留归客，草色青青送马蹄。
img_85182	迟日园林悲昔游，今春花鸟作边愁。
img_85183	午醉醒来愁未醒。送春春去几时回。
img_85184	唱罢秋坟愁未歇，春丛认取双栖蝶。
img_85185	亭亭画舸系春潭，直到行人酒半酣。
img_85186	林下春晴风渐和，高崖残雪已无多。
img_85187	未信此情难系绊，杨花犹有东风管。
img_85188	微雨众卉新，一雷惊蛰始。
img_85189	白云依静渚，春草闭闲门。
img_85190	归燕识故巢，旧人看新历。
img_85191	秦地罗敷女，采桑绿水边。
img_85192	一夜东风，枕边吹散愁多少。
img_85193	晓窗移枕，酒困香残，春阴帘卷。
img_85194	堤上游人逐画船，拍堤春水四垂天。
img_85195	城上春云覆苑墙，江亭晚色静年芳。
img_85196	柴门寂寂黍饭馨，山家烟火春雨晴。
img_85197	阴阴溪曲绿交加，小雨翻萍上浅沙。
img_85198	桃李务青春，谁能贯白日。
img_85199	绿池芳草满晴波，春色都从雨里过。
img_85200	日长唯鸟雀，春远独柴荆。
img_85201	明朝游上苑，火速报春知。
img_85202	是他春带愁来，春归何处。
img_85203	愿春暂留，春归如过翼。
img_85204	应知早飘落，故逐上春来。
img_85205	云里帝城双凤阙，雨中春树万人家。
img_85206	明月随良掾，春潮夜夜深。
img_85207	满眼游丝兼落絮，红杏开时，一霎清明雨。
img_85208	微雨霭芳原，春鸠鸣何处。
img_85209	春风依旧。著意随堤柳。
img_85210	春色将阑，莺声渐老。红英落尽青梅小。
img_85211	今日江头两三树，可怜和叶度残春。
img_85212	闲立春塘烟淡淡，静眠寒苇雨飕飕。
img_85213	夜市卖菱藕，春船载绮罗。
img_85214	雨后寒轻，风前香软，春在梨花。
img_85215	满地残红宫锦污，昨夜南园风雨。
img_85216	羞日遮罗袖，愁春懒起妆。
img_85217	满街杨柳绿丝烟，画出清明二月天。
img_85218	闻道春还未相识，走傍寒梅访消息。
img_85219	春日迟迟春草绿，野棠开尽飘香玉。
img_85220	桃花春水渌，水上鸳鸯浴。
img_85221	汀洲采白苹，日落江南春。
img_85222	绿净春深好染衣。际柴扉。
img_85223	斜风细雨作春寒。对尊前。
img_85224	屈指数春来，弹指惊春去。
img_85225	砌下落花风起，罗衣特地春寒。
img_85226	清露晨流，新桐初引，多少游春意。
img_85227	南园春半踏青时，风和闻马嘶。
img_85228	宿草春风又，新阡去岁无。
img_85229	春透水波明，寒峭花枝瘦。
img_85230	更把玉鞭云外指，断肠春色在江南。
img_85231	二月黄莺飞上林，春城紫禁晓阴阴。
img_85232	春云吹散湘帘雨，絮黏蝴蝶飞还住。
img_85233	二月春花厌落梅。仙源归路碧桃催。
img_85234	春到南楼雪尽。惊动灯期花信。
img_85235	屋上春鸠鸣，村边杏花白。
img_85236	春晚绿野秀，岩高白云屯。
img_85237	柳暝河桥，莺晴台苑，短策频惹春香。
img_85238	城雪初消荠菜生，角门深巷少人行。
img_85239	春愁凝思结眉心，绿绮懒调红锦荐。
img_85240	今年春浅腊侵年。冰雪破春妍。
img_85241	边兵春尽回，独上单于台。
img_85242	为近都门多送别，长条折尽减春风。
img_85243	一树春风千万枝，嫩于金色软于丝。
img_85244	林莺啼到无声处，青草池塘独听蛙。
img_85245	绿暗红稀春已暮，燕子衔泥，飞入垂杨处。
img_85246	不枉东风吹客泪。相思难表，梦魂无据，惟有归来是。
img_85247	春水迷天，桃花浪几番风恶。
img_85248	林花扫更落，径草踏还生。
img_85249	美女渭桥东，春还事蚕作。
img_85250	春草细还生，春雏养渐成。
img_85251	三春已暮花从风，空留可怜与谁同。
img_85252	紫黯红愁无绪，日暮春归甚处？
img_85253	一春不识西湖面。翠羞红倦。
img_85254	两株桃杏映篱斜，妆点商州副使家。
img_85255	借得山东烟水寨，来买凤城春色。
img_85256	菀菀黄柳丝，濛濛杂花垂。
img_85257	任是春风吹不展。困倚危楼。
img_85258	野渡花争发，春塘水乱流。
img_85259	远路应悲春晼晚，残霄犹得梦依稀。
img_85260	东风洒雨露，会入天地春。
img_85261	林花著雨胭脂湿，水荇牵风翠带长。
img_85262	卷尽残花风未定，休恨，花开元自要春风。
img_85263	海燕岁微渺，乘春亦暂来。
img_85264	南浦春来绿一川，石桥朱塔两依然。
img_85265	今春香肌瘦几分？缕带宽三寸。
img_85266	夜来小雨新霁，双燕舞风斜。
img_85267	春游浩荡，是年年寒食梨花时节。
img_85268	松竹翠萝寒，迟日江山暮。
img_85269	柳丝长，春雨细，花外漏声迢递。
img_85270	昨别今已春，鬓丝生几缕。
img_85271	残日东风，不放岁华去。
img_85272	风柔日薄春犹早。夹衫乍著心情好。
img_85273	喧鸟覆春洲，杂英满芳甸。
img_85274	春游之盛，西湖未能过也。
img_85275	露湿晴花春殿香，月明歌吹在昭阳。
img_85276	只知逐胜忽忘寒，小立春风夕照间。
img_85277	小桃灼灼柳鬖鬖，春色满江南。
img_85278	一春略无十日晴，处处浮云将雨行。
img_85279	故园书动经年绝，华发春唯满镜生。
img_85280	布谷飞飞劝早耕，舂锄扑扑趁春睛。
img_85281	疏懒意何长，春风花草香。
img_85282	怅卧新春白袷衣，白门寥落意多违。
img_85283	莺嘴啄花红溜，燕尾点波绿皱。
img_85284	春风尔来为阿谁，蝴蝶忽然满芳草。
img_85285	解鞍欹枕绿杨桥，杜宇一声春晓。
img_85286	东风吹雨过青山，却望千门草色闲。
img_85287	春风一夜吹乡梦，又逐春风到洛城。
img_85288	春来遍是桃花水，不辨仙源何处寻。
img_85289	窣地春袍，嫩色宜相照。
img_85290	野田春水碧于镜，人影渡傍鸥不惊。
img_85291	茅檐人静，蓬窗灯暗，春晚连江风雨。
img_85292	乍暖还轻冷。
img_85293	春风不解禁杨花，蒙蒙乱扑行人面。
img_85294	啼莺舞燕，小桥流水飞红。
img_85295	春日迟迟，卉木萋萋。
img_85296	春无踪迹谁知。除非问取黄鹂。
img_85297	笙歌散尽游人去，始觉春空。
img_85298	莺啼燕语报新年，马邑龙堆路几千。
img_85299	曾逐东风拂舞筵，乐游春苑断肠天。
img_85300	二月湖水清，家家春鸟鸣。
img_85301	孤村芳草远，斜日杏花飞。
img_85302	东风吹柳日初长，雨余芳草斜阳。
img_85303	湖上春来似画图，乱峰围绕水平铺。
img_85304	暂伴月将影，行乐须及春。
img_85305	便觉眼前生意满，东风吹水绿参差。
img_85306	寄语洛城风日道，明年春色倍还人。
img_85307	花时同醉破春愁，醉折花枝作酒筹。
img_85308	鸡鸣紫陌曙光寒，莺啭皇州春色阑。
img_85309	一春梦雨常飘瓦，尽日灵风不满旗。
img_85310	三月残花落更开，小檐日日燕飞来。
img_85311	青梅如豆柳如眉，日长蝴蝶飞。
img_85312	客子光阴诗卷里，杏花消息雨声中。
img_85313	蛱蝶飞来过墙去，却疑春色在邻家。
img_85314	游人不管春将老，来往亭前踏落花。
img_85315	寒更承夜永，凉夕向秋澄。
img_85316	夜长争得薄情知，春初早被相思染。
img_85317	春风知别苦，不遣柳条青。
img_85318	二月江南花满枝，他乡寒食远堪悲。
img_85319	东风随春归，发我枝上花。
img_85320	不似天涯，卷起杨花似雪花。
img_85321	飒飒东风细雨来，芙蓉塘外有轻雷。
img_85322	一夕轻雷落万丝，霁光浮瓦碧参差。
img_85323	五原春色旧来迟，二月垂杨未挂丝。
img_85324	长于春梦几多时，散似秋云无觅处。
img_85325	长安白日照春空，绿杨结烟垂袅风。
img_85326	夜雨连明春水生，娇云浓暖弄阴晴。
img_85327	春风不解禁杨花，濛濛乱扑行人面。
img_85328	江南春尽离肠断，苹满汀洲人未归。
img_85329	春雪满空来，触处似花开。
img_85330	夜来风雨声，花落知多少。
img_85331	春雨断桥人不度，小舟撑出柳阴来。
img_85332	红酥手，黄縢酒，满城春色宫墙柳。
img_85333	落尽梨花春又了。满地残阳，翠色和烟老。
img_85334	来是春初，去是春将老。
img_85335	今春看又过，何日是归年。
img_85336	春悄悄，夜迢迢。碧云天共楚宫遥。
img_85337	春路雨添花，花动一山春色。
img_85338	家在梦中何日到，春来江上几人还？
img_85339	子规啼，不如归，道是春归人未归。
img_85340	春已归来，看美人头上，袅袅春幡。
img_85341	春眠不觉晓，处处闻啼鸟。
img_85342	若到江南赶上春，千万和春住。
img_85343	舍南舍北皆春水，但见群鸥日日来。
img_85344	蒌蒿满地芦芽短，正是河豚欲上时。
img_85345	诗家清景在新春，绿柳才黄半未匀。
img_85346	春色恼人眠不得，月移花影上栏干。
img_85347	风暖鸟声碎，日高花影重。
img_85348	春色三分，二分尘土，一分流水。
img_85349	花气袭人知骤暖，鹊声穿树喜新晴。
img_85350	燕子飞时，绿水人家绕。
img_85351	浪花有意千里雪，桃花无言一队春。
img_85352	忽然一夜清香发，散作乾坤万里春。
img_85353	城中桃李愁风雨，春在溪头荠菜花。
img_85354	春未老，风细柳斜斜。
img_85355	双飞燕子几时回？夹岸桃花蘸水开。
img_85356	莺初解语，最是一年春好处。
img_85357	新年都未有芳华，二月初惊见草芽。
img_85358	草色青青柳色黄，桃花历乱李花香。
img_85359	东城渐觉风光好。
img_85360	笛中闻折柳，春色未曾看。
img_85361	狂风落尽深红色，绿叶成阴子满枝。
img_85362	庭树不知人去尽，春来还发旧时花。
img_85363	杨柳阴阴细雨晴，残花落尽见流莺。
img_85364	暖雨晴风初破冻，柳眼梅腮，已觉春心动。
img_85365	草树知春不久归，百般红紫斗芳菲。
img_85366	绿杨芳草长亭路。年少抛人容易去。
img_85367	客路青山外，行舟绿水前。
img_85368	月出惊山鸟，时鸣春涧中。
img_85369	只恐夜深花睡去，故烧高烛照红妆。
img_85370	碧玉妆成一树高，万条垂下绿丝绦。
img_85371	晓看红湿处，花重锦官城。
img_85372	春风春雨花经眼，江北江南水拍天。
img_85373	池塘生春草，园柳变鸣禽。
img_85374	燕子不归春事晚，一汀烟雨杏花寒。
img_85375	春日宴，绿酒一杯歌一遍。
img_85376	几处早莺争暖树，谁家新燕啄春泥。
img_85377	春日游，杏花吹满头。
img_85378	最是一年春好处，绝胜烟柳满皇都。
img_85379	春色满园关不住，一枝红杏出墙来。
img_85380	楚天千里清秋，水随天去秋无际。
img_85381	仙苑春浓，小桃开，枝枝已堪攀折。
img_85382	湖光秋月两相和，潭面无风镜未磨。
img_85383	秋风萧瑟天气凉，草木摇落露为霜，群燕辞归鹄南翔。
img_85384	尘世难逢开口笑，菊花须插满头归。
img_85385	长风万里送秋雁，对此可以酣高楼。
img_85386	树树皆秋色，山山唯落晖。
img_85387	秋风清，秋月明，落叶聚还散，寒鸦栖复惊。
img_85388	塞下秋来风景异，衡阳雁去无留意。
img_85389	秋风生渭水，落叶满长安。
img_85390	燕草如碧丝，秦桑低绿枝。
img_85391	一年好景君须记，最是橙黄橘绿时。
img_85392	不知细叶谁裁出，二月春风似剪刀。
img_85393	一重山，两重山。山远天高烟水寒，相思枫叶丹。
img_85394	海棠不惜胭脂色，独立蒙蒙细雨中。
img_85395	过春风十里，尽荠麦青青。
img_85396	一曲高歌一樽酒，一人独钓一江秋。
img_85397	解落三秋叶，能开二月花。
img_85398	碧云天，黄叶地，秋色连波，波上寒烟翠。
img_85399	秋风起兮白云飞，草木黄落兮雁南归。
img_85400	萧萧梧叶送寒声，江上秋风动客情。
img_85401	青山隐隐水迢迢，秋尽江南草未凋。
img_85402	自古逢秋悲寂寥，我言秋日胜春朝。
img_85403	莫道不销魂，帘卷西风，人比黄花瘦。
img_85404	独立寒秋，湘江北去，橘子洲头。
img_85405	秋阴不散霜飞晚，留得枯荷听雨声。
img_85406	枯藤老树昏鸦，小桥流水人家，古道西风瘦马。
img_85407	银烛秋光冷画屏，轻罗小扇扑流萤。
img_85408	待到秋来九月八，我花开后百花杀。
img_85409	空山新雨后，天气晚来秋。
img_85410	当年不肯嫁春风，无端却被秋风误。
img_85411	相见争如不见，多情何似无情。
img_85412	平生不下泪，于此泣无穷。
img_85413	落霞与孤鹜齐飞，秋水共长天一色。
img_85414	无言独上西楼，月如钩。寂寞梧桐深院锁清秋。
img_85415	小楼昨夜又东风，故国不堪回首月明中。
img_85416	未觉池塘春草梦，阶前梧叶已秋声。
img_85417	多情却被无情恼，今夜还如昨夜长。
img_85418	沧海月明珠有泪，蓝田日暖玉生烟。
img_85419	我是人间惆怅客，知君何事泪纵横，断肠声里忆平生。
img_85420	出师未捷身先死，长使英雄泪满襟。
img_85421	小舟从此逝，江海寄余生。
img_85422	力拔山兮气盖世。时不利兮骓不逝。
img_85423	青鸟不传云外信，丁香空结雨中愁。
img_85424	月落乌啼霜满天，江枫渔火对愁眠。
img_85425	世情薄，人情恶，雨送黄昏花易落。
img_85426	滚滚长江东逝水，浪花淘尽英雄。
img_85427	物是人非事事休，欲语泪先流。
img_85428	夕阳无限好，只是近黄昏。
img_85429	无可奈何花落去，似曾相识燕归来。
img_85430	花无人戴，酒无人劝，醉也无人管。
img_85431	最是人间留不住，朱颜辞镜花辞树。
img_85432	醉卧沙场君莫笑，古来征战几人回？
img_85433	自在飞花轻似梦，无边丝雨细如愁。
img_85434	时光只解催人老，不信多情，长恨离亭，泪滴春衫酒易醒。
img_85435	抽刀断水水更流，举杯消愁愁更愁。
img_85436	少年不识愁滋味，爱上层楼。爱上层楼，为赋新词强说愁。
img_85437	疏影横斜水清浅，暗香浮动月黄昏。
img_85438	十四万人齐解甲，更无一个是男儿！
img_85439	一声何满子，双泪落君前。
img_85440	我最怜君中宵舞，道男儿到死心如铁。
img_85441	出师一表真名世，千载谁堪伯仲间！
img_85442	庭前落尽梧桐，水边开彻芙蓉。
img_85443	山河破碎风飘絮，身世浮沉雨打萍。
img_85444	遗民泪尽胡尘里，南望王师又一年。
img_85445	死去元知万事空，但悲不见九州同。
img_85446	了却君王天下事，赢得生前身后名。
img_85447	王师北定中原日，家祭无忘告乃翁。
img_85448	寄意寒星荃不察，我以我血荐轩辕。
img_85449	当年万里觅封侯。匹马戍梁州。
img_85450	历览前贤国与家，成由勤俭破由奢。
img_85451	臣心一片磁针石，不指南方不肯休。
img_85452	路漫漫其修远兮，吾将上下而求索。
img_85453	问君能有几多愁？恰似一江春水向东流。
img_85454	九州生气恃风雷，万马齐喑究可哀。
img_85455	此情可待成追忆？只是当时已惘然。
img_85456	楼船夜雪瓜洲渡，铁马秋风大散关。
img_85457	身既死兮神以灵，魂魄毅兮为鬼雄。
img_85458	人生自古谁无死？留取丹心照汗青。
img_85459	商女不知亡国恨，隔江犹唱后庭花。
img_85460	只解沙场为国死，何须马革裹尸还。
img_85461	但使龙城飞将在，不教胡马度阴山。
img_85462	一寸丹心图报国，两行清泪为思亲。
img_85463	此生谁料，心在天山，身老沧洲。
img_85464	呜呼！楚虽三户能亡秦，岂有堂堂中国空无人！
img_85465	位卑未敢忘忧国，事定犹须待阖棺。
img_85466	夜阑卧听风吹雨，铁马冰河入梦来。
img_85467	万顷风涛不记苏。雪晴江上麦千车。
img_85468	星河秋一雁，砧杵夜千家。
img_85469	男儿何不带吴钩，收取关山五十州。
img_85470	醉后不知天在水，满船清梦压星河。
img_85471	风萧萧兮易水寒，壮士一去兮不复还。
img_85472	停车坐爱枫林晚，霜叶红于二月花。
img_85473	黄沙百战穿金甲，不破楼兰终不还。
img_85474	胜日寻芳泗水滨，无边光景一时新。
img_85475	千里莺啼绿映红，水村山郭酒旗风。
img_85476	好雨知时节，当春乃发生。
img_85477	日出江花红胜火，春来江水绿如蓝。
img_85478	爆竹声中一岁除，春风送暖入屠苏。
img_85479	乱花渐欲迷人眼，浅草才能没马蹄。
img_85480	愿得此身长报国，何须生入玉门关。
img_85481	有情芍药含春泪，无力蔷薇卧晓枝。
img_85482	两个黄鹂鸣翠柳，一行白鹭上青天。
img_85483	花褪残红青杏小。燕子飞时，绿水人家绕。
img_85484	若待上林花似锦，出门俱是看花人。
img_85485	春潮带雨晚来急，野渡无人舟自横。
img_85486	三十功名尘与土，八千里路云和月。
img_85487	羌笛何须怨杨柳，春风不度玉门关。
img_85488	风乍起，吹皱一池春水。
img_85489	海棠未雨，梨花先雪，一半春休。
img_85490	草长莺飞二月天，拂堤杨柳醉春烟。
img_85491	绿杨烟外晓寒轻，红杏枝头春意闹。
img_85492	迟日江山丽，春风花草香。
img_85493	等闲识得东风面，万紫千红总是春。
img_85494	春江潮水连海平，海上明月共潮生。
img_85495	天街小雨润如酥，草色遥看近却无。
img_85496	满目山河空念远，落花风雨更伤春。
img_85497	流水落花春去也，天上人间。
img_85498	人闲桂花落，夜静春山空。
img_85499	竹外桃花三两枝，春江水暖鸭先知。
img_85500	春水碧于天，画船听雨眠。
img_85501	一片春愁待酒浇。江上舟摇，楼上帘招。
img_85502	春风十里扬州路，卷上珠帘总不如。
img_85503	江碧鸟逾白，山青花欲燃。
img_85504	一川烟草，满城风絮，梅子黄时雨。
img_85505	知否，知否？应是绿肥红瘦。
img_85506	人间四月芳菲尽，山寺桃花始盛开。
img_85507	红酥手，黄縢酒，满城春色宫墙柳。
img_85508	流光容易把人抛，红了樱桃，绿了芭蕉。
img_85509	人面不知何处去，桃花依旧笑春风。
img_85510	沾衣欲湿杏花雨，吹面不寒杨柳风。
img_85511	红豆生南国，春来发几枝。
img_85512	不识庐山真面目，只缘身在此山中。
img_85513	小楼一夜听春雨，深巷明朝卖杏花。
img_85514	孤之有孔明，犹鱼之有水也。
img_85515	春宵一刻值千金，花有清香月有阴。
img_85516	意内称长短，终身荷圣情。
img_85517	横戈从百战，直为衔恩甚。
img_85518	投我以桃，报之以李。
img_85519	剧辛乐毅感恩分，输肝剖胆效英才。
img_85520	一生傲岸苦不谐，恩疏媒劳志多乖。
img_85521	沉舟侧畔千帆过，病树前头万木春。
img_85522	报答春光知有处，应须美酒送生涯。
img_85523	感君缠绵意，系在红罗襦。
img_85524	民感桑林雨，云施李靖龙。
img_85525	投我以木瓜，报之以琼琚。
img_85526	欲将心事付瑶琴。
img_85527	功名炊黍寻常梦，怪事书空感激人。
img_85528	君家何处住，妾住在横塘。
img_85529	读书不觉已春深，一寸光阴一寸金。
img_85530	古路无行客，寒山独见君。
img_85531	不辞山路远，踏雪也相过。
img_85532	直须看尽洛城花，始共春风容易别。
img_85533	新竹高于旧竹枝，全凭老干为扶持。
img_85534	丈夫贫贱应未足，今日相逢无酒钱。
img_85535	故人具鸡黍，邀我至田家。
img_85536	寒雨连天夜入吴，平明送客楚山孤。
img_85537	相思相望不相亲，天为谁春。
img_85538	山远天高烟水寒，相思枫叶丹。
img_85539	江畔何人初见月？江月何年初照人？
img_85540	雨打梨花深闭门，忘了青春，误了青春。
img_85541	尚怜终南山，回首清渭滨。
img_85542	绮席凝尘，香闺掩雾。
img_85543	光景不胜闺阁恨，行行坐坐黛眉攒。
img_85544	相逢清露下，流影湿衣襟。
img_85545	恼他香阁浓睡，撩乱有啼莺。
img_85546	当年紫禁烟花，相逢恨不知音早。
img_85547	寒笛对京口，故人在襄阳。
img_85548	厚禄故人书断绝，恒饥稚子色凄凉。
img_85549	空山松子落，幽人应未眠。
img_85550	浮云终日行，游子久不至。
img_85551	凄凉别后两应同，最是不胜清怨月明中。
img_85552	此时相望不相闻，愿逐月华流照君。
img_85553	相恨不如潮有信，相思始觉海非深。
img_85554	两鬓可怜青，只为相思老。
img_85555	刘郎已恨蓬山远，更隔蓬山一万重！
img_85556	相思一夜情多少，地角天涯未是长。
img_85557	谁料同心结不成，翻就相思结。
img_85558	相思似海深，旧事如天远。
img_85559	车遥遥兮马洋洋，追思君兮不可忘。
img_85560	还怕掩深院梨花，又作故人清泪。
img_85561	上言加餐食，下言长相忆。
img_85562	遥怜小儿女，未解忆长安。
img_85563	西园何限相思树，辛苦梅花候海棠。
img_85564	清风明月苦相思，荡子从戎十载馀。
img_85565	落叶人何在，寒云路几层。
img_85566	情知已被山遮断，频倚阑干不自由。
img_85567	不见又思量，见了还依旧。
img_85568	驿寄梅花，鱼传尺素。
img_85569	天长路远魂飞苦，梦魂不到关山难。
img_85570	相思难表，梦魂无据，惟有归来是。
img_85571	此曲有意无人传，愿随春风寄燕然，忆君迢迢隔青天。
img_85572	阳关万里道，不见一人归。
img_85573	相思无因见，怅望凉风前。
img_85574	一夜相思，水边清浅横枝瘦。
img_85575	寄语天涯客，轻寒底用愁。
img_85576	记得那年花下，深夜，初识谢娘时。
img_85577	别梦依依到谢家，小廊回合曲阑斜。
img_85578	夜发清溪向三峡，思君不见下渝州。
img_85579	竹坞无尘水槛清，相思迢递隔重城。
img_85580	斑骓只系垂杨岸，何处西南任好风。
img_85581	江南忆，最忆是杭州。
img_85582	无情明月，有情归梦，同到幽闺。
img_85583	马思边草拳毛动，雕眄青云睡眼开。
img_85584	身多疾病思田里，邑有流亡愧俸钱。
img_85585	若问相思甚了期，除非相见时。
img_85586	一别家山音信杳，百种相思，肠断何时了。
img_85587	相思休问定何如。情知春去后，管得落花无。
img_85588	目送征鸿飞杳杳，思随流水去茫茫。
img_85589	终日两相思。为君憔悴尽，百花时。
img_85590	暗相思，无处说，惆怅夜来烟月。
img_85591	相思谩然自苦，算云烟过眼总成空。
img_85592	不信妾肠断，归来看取明镜前。
img_85593	天若有情天亦老，摇摇幽恨难禁。
img_85594	往事思量一晌空，飞絮无情，依旧烟笼。
img_85595	血染红笺，泪题锦句。西湖岂忆相思苦。
img_85596	遥知兄弟登高处，遍插茱萸少一人。
img_85597	那堪更被明月，隔墙送过秋千影。
img_85598	君在天一涯，妾身长别离。
img_85599	最关情，折尽梅花，难寄相思。
img_85600	梅似雪，柳如丝。试听别语慰相思。
img_85601	千万恨，恨极在天涯。
img_85602	明日相思莫上楼，楼上多风雨。
img_85603	暗柳啼鸦，单衣伫立，小帘朱户。
img_85604	欲寄书如天远，难销夜似年长。
img_85605	白下有山皆绕郭，清明无客不思家。
img_85606	想得玉人情，也合思量我。
img_85607	忽闻歌古调，归思欲沾巾。
img_85608	醉后莫思家，借取师师宿。
img_85609	待约个梅魂，黄昏月淡，与伊深怜低语。
img_85610	思来江山外，望尽烟云生。
img_85611	鸿雁来时，无限思量。
img_85612	永夜角声悲自语，客心愁破正思家。
img_85613	兽炉沉水烟，翠沼残花片。一行写入相思传。
img_85614	我家襄水曲，遥隔楚云端。
img_85615	屏山遮断相思路，子规啼到无声处。
img_85616	念佳人音尘别后，对此应解相思。
img_85617	愁云淡淡雨潇潇。暮暮复朝朝。
img_85618	梦中未比丹青见，暗里忽惊山鸟啼。
img_85619	明月照相思，也得姮娥念我痴。
img_85620	东风渐绿西湖柳，雁已还人未南归。
img_85621	想文君望久，倚竹愁生步罗袜。
img_85622	恨君却似江楼月，暂满还亏，暂满还亏，待得团圆是几时？
img_85623	两处春光同日尽，居人思客客思家。
img_85624	落花飞絮蒙蒙，长忆著灞桥别后。
img_85625	夜寒微透薄罗裳，无限思量。
img_85626	独倚阑干凝望远。一川烟草平如剪。
img_85627	一涓春水点黄昏，便没顿相思处。
img_85628	君是南山遗爱守，我为剑外思归客。
img_85629	君思颍水绿，忽复归嵩岑。
img_85630	怜君片云思，一棹去潇湘。
img_85631	年年春日异乡悲，杜曲黄莺可得知。
img_85632	算遗踪犹有枕囊留，相思物。
img_85633	淡淡横朝烟，脉脉深秋思。
img_85634	帝里重清明，人心自愁思。
img_85635	料有牵情处，忍思量耳边曾道。
img_85636	一去无消息，那能惜马蹄。
img_85637	连天衰草，望断归来路。
img_85638	杨枝飘泊，桃根娇小，独自个思量。
img_85639	翘思慕远人，愿欲托遗音。
img_85640	问相思他日镜中看，萧萧发。
img_85641	纵明月相思千里隔。梦咫尺。勤书尺。
img_85642	寒灯思旧事，断雁警愁眠。
img_85643	一晌凭栏人不见，鲛绡掩泪思量遍。
img_85644	相逢不尽平生事，春思入琵琶。
img_85645	四面歌残终破楚，八年风味徒思浙。
img_85646	相思一夜窗前梦，奈个人水隔天遮。
img_85647	勾引东风，也知芳思难禁。
img_85648	今朝北客思归去，回入纥那披绿罗。
img_85649	心事孤山春梦在，到思量犹断诗魂。
img_85650	客思吟商还怯。怨歌长琼壶暗缺。
img_85651	梦回芳草思依依，天远雁声稀。
img_85652	归雁横秋，倦客思家。
img_85653	问别来解相思否。
img_85654	春朝秋夜思君甚，愁见绣屏孤枕。
img_85655	佳人亦何念，凄断阳关曲。
img_85656	意长翻恨游丝短。尽日相思罗带缓。
img_85657	忆君迢迢隔青天，昔日横波目，今作流泪泉。
img_85658	香灭绣帷人寂寂，倚槛无言愁思远。
img_85659	小怜初上琵琶，晓来思绕天涯。
img_85660	不堪肠断思乡处，红槿花中越鸟啼。
img_85661	吴洲春草兰杜芳，感物思归怀故乡。
img_85662	忘却成都来十载，因君未免思量。
img_85663	伤心阔别三千里，屈指思量四五年。
img_85664	说相思，问相思，枫落吴江雁去迟。
img_85665	寄书长不达，况乃未休兵。
img_85666	想见读书头已白，隔溪猿哭瘴溪藤。
img_85667	自是相思抽不尽，却教风雨怨秋声。
img_85668	一日不思量，也攒眉千度。
img_85669	思归若汾水，无日不悠悠。
img_85670	胜概日相与，思君心郁陶。
img_85671	终日望君君不至，举头闻鹊喜。
img_85672	玉炉香，红蜡泪，偏照画堂秋思。
img_85673	相思已是不曾闲，又那得工夫咒你。
img_85674	雁尽书难寄，愁多梦不成。
img_85675	塞垣多少思归客，留着长条赠远游。
img_85676	悲吟雨雪动林木，放书辍剑思高堂。
img_85677	方舟安可极，离思故难任！
img_85678	此际闲愁郎不共，月移窗罅春寒重。
img_85679	辜负我，悔怜君，告天天不闻。
img_85680	所向泥活活，思君令人瘦。
img_85681	对菱花与说相思，看谁瘦损。
img_85682	回首昭阳离落日，伤心铜雀迎秋月。
img_85683	思欲委符节，引竿自刺船。
img_85684	慊慊思归恋故乡，君为淹留寄他方。
img_85685	春思远，谁叹赏国香风味。
img_85686	寄相思，寒雨灯窗，芙蓉旧院。
img_85687	后夜相思，尘随马去，月逐舟行。
img_85688	困倚危楼。过尽飞鸿字字愁。
img_85689	已恨碧山相阻隔，碧山还被暮云遮。
img_85690	风里落花谁是主？思悠悠。
img_85691	萋萋芳草忆王孙。柳外楼高空断魂。
img_85692	梦魂惯得无拘检，又踏杨花过谢桥。
img_85693	沉恨细思，不如桃杏，犹解嫁东风。
img_85694	吴洲如见月，千里幸相思。
img_85695	叹息聊自思，此生岂我情。
img_85696	年年社日停针线。怎忍见双飞燕。
img_85697	青山朝别暮还见，嘶马出门思旧乡。
img_85698	水色渌且明，令人思镜湖。
img_85699	香到酴醾送晚凉，荇风轻约薄罗裳。曲阑凭遍思偏长。
img_85700	荆州麦熟茧成蛾，缲丝忆君头绪多。
img_85701	粉黛暗愁金带枕，鸳鸯空绕画罗衣，那堪辜负不思归！
img_85702	写不了相思，又蘸凉波飞去。
img_85703	宦情羁思共凄凄，春半如秋意转迷。
img_85704	为有书来与我期，便从兰杜惹相思。
img_85705	举头忽见衡阳雁。千声万字情何限。
img_85706	与君别。相思一夜梅花发。
img_85707	雁字无多，写得相思几许。
img_85708	沅有芷兮澧有兰，思公子兮未敢言。
img_85709	思君如陇水，长闻呜咽声。
img_85710	西陆蝉声唱，南冠客思深。
img_85711	肥水东流无尽期。当初不合种相思。
img_85712	不觉新凉似水，相思两鬓如霜。
img_85713	怅恨不逢如意酒。寻思难值有情人。
img_85714	思君令人老，岁月忽已晚。
img_85715	孤灯不明思欲绝，卷帷望月空长叹。美人如花隔云端！
img_85716	一日不见，如三月兮。
img_85717	四面边声连角起，千嶂里，长烟落日孤城闭。
img_85718	年年今夜，月华如练，长是人千里。
img_85719	思君若汶水，浩荡寄南征。
img_85720	巴子城头青草暮。巴山重叠相逢处。
img_85721	相逢唤醒京华梦，吴尘暗斑吟发。
img_85722	邂逅淇南，岁寒独在，故人襟抱。
img_85723	况故人新拥，汉坛旌节。
img_85724	但东望故人翘首。
img_85725	算阴晴，浑似几番，渭城故人离会。
img_85726	故人南燕吏，籍籍名更香。
img_85727	就解佩旗亭，故人相遇。
img_85728	蓟庭萧瑟故人稀，何处登高且送归。
img_85729	为惜故人去，复怜嘶马愁。
img_85730	袛应瘴乡老，难答故人情。
img_85731	蕃汉断消息，死生长别离。
img_85732	故人书报，莫因循忘却莼鲈。
img_85733	故人离别尽，淇上转骖騑。
img_85734	松江上，念故人老矣，甘卧闲云。
img_85735	前经洛阳陌，宛洛故人稀。
img_85736	长安故人别後，料征鸿声里，画阑凭偏。
img_85737	感此怀故人，中宵劳梦想。
img_85738	故人溪上，挂愁无奈，烟梢月树。
img_85739	一一书来报故人，我欲因之壮心魄。
img_85740	客路相逢难，为乐常不足。
img_85741	只言啼鸟堪求侣，无那春风欲送行。
img_85742	故人远，问谁摇玉佩，檐底铃声。
img_85743	还作江南会，翻疑梦里逢。
img_85744	故人一去无期约。尺书忽寄西飞鹤。
img_85745	何处相逢，登宝钗楼，访铜雀台。
img_85746	湖水无端浸白云，故人书断孤鸿没。
img_85747	故人应念，杜鹃枝上残月。
img_85748	愿君多采撷，此物最相思。
img_85749	遥知湖上一樽酒，能忆天涯万里人。
img_85750	从别后，忆相逢，几回魂梦与君同。
img_85751	青青河畔草，绵绵思远道。
img_85752	一种相思，两处闲愁。
img_85753	看朱成碧思纷纷，憔悴支离为忆君。
img_85754	相思本是无凭语，莫向花笺费泪行。
img_85755	忆君心似西江水，日夜东流无歇时。
img_85756	谁教岁岁红莲夜，两处沉吟各自知。
img_85757	思君如流水，何有穷已时。
img_85758	琵琶弦上说相思。当时明月在，曾照彩云归。
img_85759	相思一夜梅花发，忽到窗前疑是君。
img_85760	梅花雪，梨花月，总相思。
img_85761	千金纵买相如赋，脉脉此情谁诉。
img_85762	情人怨遥夜，竟夕起相思。
img_85763	一寸相思千万绪。人间没个安排处。
img_85764	我居北海君南海，寄雁传书谢不能。
img_85765	日色欲尽花含烟，月明欲素愁不眠。
img_85766	棠梨花映白杨树，尽是死生别离处。
img_85767	离恨又迎春，相思难重陈。
img_85768	一看肠一断，好去莫回头。
img_85769	劳歌一曲解行舟，红叶青山水急流。
img_85770	油壁香车不再逢，峡云无迹任西东。
img_85771	客思似杨柳，春风千万条。
img_85772	但去莫复问，白云无尽时。
img_85773	此地别燕丹，壮士发冲冠。
img_85774	此去与师谁共到，一船明月一帆风。
img_85775	秦楼月，年年柳色，灞陵伤别。
img_85776	离恨恰如春草，更行更远还生。
img_85777	君到姑苏见，人家尽枕河。
img_85778	难相见，易相别，又是玉楼花似雪。
img_85779	狂风吹我心，西挂咸阳树。
img_85780	四月十七，正是去年今日，别君时。
img_85781	醉别西楼醒不记。春梦秋云，聚散真容易。
img_85782	有情不管别离久。情在相逢终有。
img_85783	惜别伤离方寸乱。忘了临行，酒盏深和浅。
img_85784	数声风笛离亭晚，君向潇湘我向秦。
img_85785	风雨送人来，风雨留人住。
img_85786	不见南师久，谩说北群空。
img_85787	都缘自有离恨，故画作远山长。
img_85788	飞蓬各自远，且尽手中杯。
img_85789	朝闻游子唱离歌，昨夜微霜初渡河。
img_85790	死别已吞声，生别常恻恻。
img_85791	青青一树伤心色，曾入几人离恨中。
img_85792	扶桑已在渺茫中，家在扶桑东更东。
img_85793	送君归去愁不尽，又惜空度凉风天。
img_85794	不似秋光，只与离人照断肠。
img_85795	黯然销魂者，唯别而已矣！
img_85796	搴帷拜母河梁去，白发愁看泪眼枯。
img_85797	可怜今夕月，向何处去悠悠。
img_85798	饮散离亭西去，浮生长恨飘蓬。
img_85799	我亦且如常日醉，莫教弦管作离声。
img_85800	握手西风泪不干，年来多在别离间。
img_85801	长记别伊时，和泪出门相送。
img_85802	飘零疏酒盏，离别宽衣带。
img_85803	别离滋味浓于酒。著人瘦。此情不及墙东柳。春色年年如旧。
img_85804	今朝此为别，何处还相遇。
img_85805	长条别有风流处，密映钱塘苏小家。
img_85806	手种堂前垂柳，别来几度春风。
img_85807	年年送客横塘路，细雨垂杨系画船。
img_85808	君似孤云何处归，我似离群雁。
img_85809	离愁万种，醉乡一夜头白。
img_85810	锁离愁，连绵无际，来时陌上初熏。
img_85811	谁言千里自今夕，离梦杳如关塞长。
img_85812	问君何事轻离别，一年能几团圞月。
img_85813	人语西风，瘦马嘶残月。
img_85814	日斜江上孤帆影，草绿湖南万里情。
img_85815	明朝且做莫思量，如何过得今宵去。
img_85816	此心终合雪，去已莫思量。
img_85817	别离还有经年客，怅望不如河鼓星。
img_85818	放眼暮江千顷，中有离愁万斛，无处落征鸿。
img_85819	花光浓烂柳轻明，酌酒花前送我行。
img_85820	隔座送钩春酒暖，分曹射覆蜡灯红。
img_85821	田园寥落干戈后，骨肉流离道路中。
img_85822	话别情多声欲战，玉著痕留红粉面。
img_85823	曲岸持觞，垂杨系马，此地曾经别。
img_85824	别离在今晨，见尔当何秋。
img_85825	东风兮东风，为我吹行云使西来。
img_85826	天明登前途，独与老翁别。
img_85827	空门寂寞汝思家，礼别云房下九华。
img_85828	自是浮生无可说。人间第一耽离别。
img_85829	孤花片叶，断送清秋节。
img_85830	好去不须频下泪，老僧相伴有烟霞。
img_85831	远树带行客，孤城当落晖。
img_85832	彩舟载得离愁动。无端更借樵风送。
img_85833	客自长安来，还归长安去。
img_85834	江上几人在，天涯孤棹还。
img_85835	谢亭离别处，风景每生愁。
img_85836	离情被横笛，吹过乱山东。
img_85837	长恨去年今夜雨，洒离亭。
img_85838	悠悠洛阳道，此会在何年。
img_85839	欲知怅别心易苦，向暮春风杨柳丝。
img_85840	天际疏星趁马，帘昼隙冰弦三叠。
img_85841	江送巴南水，山横塞北云。
img_85842	触帘风送景阳钟，鸳被绣花重。
img_85843	记得年时临上马，看人眼泪汪汪。
img_85844	中年亲友难别，丝竹缓离愁。
img_85845	何当重相见，尊酒慰离颜。
img_85846	浮天沧海远，去世法舟轻。
img_85847	离恨做成春夜雨。添得春江，划地东流去。
img_85848	漠漠帆来重，冥冥鸟去迟。
img_85849	谁向孤舟怜逐客？白云相送大江西。
img_85850	离堂思琴瑟，别路绕山川。
img_85851	一曲危弦断客肠。津桥捩柂转牙樯。
img_85852	坐上别愁君未见，归来欲断无肠。
img_85853	何期小会幽欢，变作离情别绪。
img_85854	淡云孤雁远，寒日暮天红。
img_85855	落红不是无情物，化作春泥更护花。
img_85856	晴烟漠漠柳毵毵，不那离情酒半酣。
img_85857	离心何以赠，自有玉壶冰。
img_85858	自与东君作别，刬地无聊。
img_85859	参差连曲陌，迢递送斜晖。
img_85860	此心随去马，迢递过千峰。
img_85861	洛阳城东西，长作经时别。
img_85862	云开汶水孤帆远，路绕梁山匹马迟。
img_85863	夜吟敲落霜红，船傍枫桥系。
img_85864	长因送人处，忆得别家时。
img_85865	别来几春未还家，玉窗五见樱桃花。
img_85866	天清一雁远，海阔孤帆迟。
img_85867	此路无知己，明珠莫暗投。
img_85868	山阴道士如相见，应写黄庭换白鹅。
img_85869	白白与红红，别是东风情味。
img_85870	惆怅孤帆连夜发，送行淡月微云。
img_85871	远送从此别，青山空复情。
img_85872	黄菊开时伤聚散。曾记花前，共说深深愿。
img_85873	荒戍落黄叶，浩然离故关。
img_85874	别来不寄一行书。寻常相见了，犹道不如初。
img_85875	长亭路，年去岁来，应折柔条过千尺。
img_85876	忆君遥在潇湘月，愁听清猿梦里长。
img_85877	此地一为别，孤蓬万里征。
img_85878	薄衾小枕凉天气，乍觉别离滋味。
img_85879	所志在功名，离别何足叹。
img_85880	请君看取东流水，方识人间别意长。
img_85881	怕黄昏忽地又黄昏，不销魂怎地不销魂。
img_85882	离歌且莫翻新阕。一曲能教肠寸结。
img_85883	六翮飘飖私自怜，一离京洛十馀年。
img_85884	孤云将野鹤，岂向人间住。
img_85885	升沉应已定，不必问君平。
img_85886	分明小像沉香缕，一片伤心欲画难。
img_85887	劝我早还家，绿窗人似花。
img_85888	我有一罇酒，欲以赠远人。
img_85889	分手脱相赠，平生一片心。
img_85890	沅水通波接武冈，送君不觉有离伤。
img_85891	天与短因缘，聚散常容易。
img_85892	肠断月明红豆蔻，月似当时，人似当时否？
img_85893	不管烟波与风雨，载将离恨过江南。
img_85894	不用诉离觞，痛饮从来别有肠。
img_85895	别君去兮何时还？且放白鹿青崖间。须行即骑访名山。
img_85896	送行无酒亦无钱，劝尔一杯菩萨泉。
img_85897	自别后遥山隐隐，更那堪远水粼粼。
img_85898	九月九日望乡台，他席他乡送客杯。
img_85899	金陵子弟来相送，欲行不行各尽觞。
img_85900	醉别江楼橘柚香，江风引雨入舟凉。
img_85901	念去去，千里烟波，暮霭沉沉楚天阔。
img_85902	请君试问东流水，别意与之谁短长。
img_85903	离多最是，东西流水，终解两相逢。
img_85904	唯有相思似春色，江南江北送君归。
img_85905	弃捐勿复道，努力加餐饭。
img_85906	柳条折尽花飞尽，借问行人归不归？
img_85907	李白乘舟将欲行，忽闻岸上踏歌声。
img_85908	山中相送罢，日暮掩柴扉。
img_85909	别来半岁音书绝，一寸离肠千万结。
img_85910	梧桐树，三更雨，不道离情正苦。
img_85911	当时轻别意中人，山长水远知何处。
img_85912	行行重行行，与君生别离。
img_85913	聚散匆匆，此恨年年有。
img_85914	平芜尽处是春山，行人更在春山外。
img_85915	泛菊杯深，吹梅角远，同在京城。
img_85916	喜得故人同待诏，拟沽春酒醉京华。
img_85917	河西幕中多故人，故人别来三五春。
img_85918	相逢成夜宿，陇月向人圆。
img_85919	故人不可见，新知万里外。
img_85920	故人何在，水村山郭。
img_85921	家童扫萝径，昨与故人期。
img_85922	芳草已云暮，故人殊未来。
img_85923	怨别自惊千里外，论交却忆十年时。
img_85924	还与去年人，共藉西湖草。
img_85925	云深山坞，烟冷江皋，人生未易相逢。
img_85926	春秋多佳日，登高赋新诗。
img_85927	念故人，千里至此共明月。
img_85928	洞庭有归客，潇湘逢故人。
img_85929	忽忆故人天际去，计程今日到梁州。
img_85930	欲寻芳草去，惜与故人违。
img_85931	不知来岁牡丹时，再相逢何处。
img_85932	故人何在，烟水茫茫。
img_85933	结交在相知，骨肉何必亲。
img_85934	今夜故人来不来，教人立尽梧桐影。
img_85935	江汉曾为客，相逢每醉还。
img_85936	问姓惊初见，称名忆旧容。
img_85937	满目飞花万点，回首故人千里，把酒沃愁肠。
img_85938	十年离乱后，长大一相逢。
img_85939	嵩云秦树久离居，双鲤迢迢一纸书。
img_85940	欢笑情如旧，萧疏鬓已斑。
img_85941	偶然值林叟，谈笑无还期。
img_85942	我见君来，顿觉吾庐，溪山美哉。
img_85943	闭门觅句陈无己，对客挥毫秦少游。
img_85944	同来望月人何处？风景依稀似去年。
img_85945	知君仙骨无寒暑。
img_85946	不恨古人吾不见，恨古人不见吾狂耳。
img_85947	向河梁回头万里，故人长绝。
img_85948	蓝桥春雪君归日，秦岭秋风我去时。
img_85949	折花逢驿使，寄与陇头人。
img_85950	谁知江上酒，还与故人倾。
img_85951	夔府孤城落日斜，每依北斗望京华。
img_85952	举头望明月，低头思故乡。
img_85953	江汉思归客，乾坤一腐儒。
img_85954	三岁为妇，靡室劳矣。夙兴夜寐，靡有朝矣。
img_85955	宴尔新婚，以我御穷。
img_85956	暗灯凉簟怨分离，妖姬，不胜悲。
img_85957	香消翠减，雨昏烟暗，芳草遍江南。
img_85958	女也不爽，士贰其行。士也罔极，二三其德。
img_85959	可怜闺里月，长在汉家营。
img_85960	东风吹落战尘沙，梦想西湖处士家。
img_85961	文章憎命达，魑魅喜人过。
img_85962	不忍登高临远，望故乡渺邈，归思难收。
img_85963	乡心新岁切，天畔独潸然。
img_85964	雁来音信无凭，路遥归梦难成。
img_85965	殊方日落玄猿哭，旧国霜前白雁来。
img_85966	风摧寒棕响，月入霜闺悲。
img_85967	绿衣监使守宫门，一闭上阳多少春。
img_85968	已过才追问，相看是故人。
img_85969	砧面莹，杵声齐。捣就征衣泪墨题。
img_85970	离宫绝旷，身体摧藏，志念没沉，不得颉颃。
img_85971	恨身翻不作车尘，万里得随君。
img_85972	鸿羽难凭芳信短，长安犹近归期远。
img_85973	时节是重阳，菊花牵恨长。
img_85974	几度红窗，误认鸣镳。断肠风月可怜宵。
img_85975	淇则有岸，隰则有泮。
img_85976	明朝望乡处，应见陇头梅。
img_85977	过尽征鸿来尽燕，故园消息茫然。
img_85978	含愁独倚闺帏，玉炉烟断香微。
img_85979	从今后，梦魂千里，夜夜岳阳楼。
img_85980	年年跃马长安市。客舍似家家似寄。
img_85981	夜听胡笳折杨柳，教人意气忆长安。
img_85982	云物不殊乡国异，教儿且覆掌中杯。
img_85983	行行无别语，只道早还乡。
img_85984	正见空江明月来，云水苍茫失江路。
img_85985	燕歌未断塞鸿飞，牧马群嘶边草绿。
img_85986	儿童见说深惊讶，却问何方是故乡。
img_85987	戍客望边邑，思归多苦颜。
img_85988	岁夜高堂列明烛，美酒一杯声一曲。
img_85989	胡蝶梦中家万里，子规枝上月三更。
img_85990	思归未可得，书此谢情人。
img_85991	坐到三更尽，归仍万里赊。
img_85992	故乡归去千里，佳处辄迟留。
img_85993	天涯倚楼新恨，杨柳几丝碧。
img_85994	窗白一声鸡，枕函闻马嘶。
img_85995	故园肠断处，日夜柳条新。
img_85996	临水整乌纱。两鬓苍华。故乡心事在天涯。
img_85997	杨柳乍如丝，故园春尽时。
img_85998	青紫虽被体，不如早还乡。
img_85999	鹿车何日驾，归去颍东田。
img_86000	春色边城动，客思故乡来。
img_86001	不用凭栏苦回首，故乡七十五长亭。
img_86002	有情知望乡，谁能鬒不变？
img_86003	傍邻闻者多叹息，远客思乡皆泪垂。
img_86004	夜寒茅店不成眠，残月照吟鞭。
img_86005	白云江上故乡，月下风前吟处。
img_86006	乡思不堪悲橘柚，旅游谁肯重王孙。
img_86007	镇日思归归未得，孤负殷勤杜宇。
img_86008	望家思献寿，算甲恨长年。
img_86009	梦断刀头，书开虿尾，别有相思随定。
img_86010	飞锡离乡久，宁亲喜腊初。
img_86011	蓟城通漠北，万里别吾乡。
img_86012	刷羽同摇漾，一举还故乡。
img_86013	遥想江口依然，鸟啼花谢，今日谁为主。
img_86014	鞭个马儿归去也，心急马行迟。
img_86015	骋望因高云外尽，乡关回首愧烟萝。
img_86016	茂苑人归，秦楼燕宿，同惜天涯为旅。
img_86017	乡国真堪恋，光阴可合轻。
img_86018	回鞭指长安，西日落秦关。
img_86019	常有江南船，寄书家中否。
img_86020	取酒须勤醉，乡关不可思。
img_86021	隔水毡乡，落日牛羊下，区脱纵横。
img_86022	众中闻謦欬，未语知乡里。
img_86023	碛里征人三十万，一时回向月明看。
img_86024	渐老念乡国，先归独羡君。
img_86025	十二阑干，故国三千里。
img_86026	归梦寄吴樯。水驿江程去路长。
img_86027	堪怨王孙，不记归期早。
img_86028	翻被梨花冷看，人生苦恋天涯。
img_86029	天怜客子乡关远。借与花消遣。
img_86030	老至居人下，春归在客先。
img_86031	梦里分明见关塞，不知何路向金微。
img_86032	乡梦不曾休，惹甚闲愁？忠州过了又涪州。
img_86033	故园渺何处，归思方悠哉。
img_86034	门有车马客，驾言发故乡。
img_86035	日日望乡国，空歌白苎词。
img_86036	交亲望归骑，几处拥年华。
img_86037	灞涘望长安，河阳视京县。
img_86038	亦有白骨归咸阳，营家各与题本乡。
img_86039	料得他乡遇佳节，亦应怀抱暗凄然。
img_86040	扁舟昨泊，危亭孤啸，目断闲云千里。
img_86041	送子军中饮，家书醉里题。
img_86042	渐近燕山。回首乡关归路难。
img_86043	那堪旅馆经残腊，只把空书寄故乡。
img_86044	烽火平安夜，归梦到家山。
img_86045	试问乡关何处是，水云浩荡迷南北。
img_86046	凭高远望，见家乡只在白云深处。
img_86047	汉月垂乡泪，胡沙费马蹄。
img_86048	他乡逢七夕，旅馆益羁愁。
img_86049	关山四面绝，故乡几千里。
img_86050	重到故乡交旧少，凄凉。却恐它乡胜故乡。
img_86051	楚乡飞鸟没，独与碧云还。
img_86052	寒眼乱空阔，客意不胜秋。
img_86053	百结愁肠郁不开，此生惆怅异乡来。
img_86054	四海十年兵不解，胡尘直到江城。
img_86055	已知泉路近，欲别故乡难。
img_86056	上有流思人，怀旧望归客。
img_86057	角声吹彻小梅花。夜长人忆家。
img_86058	日落君山云气，春到沅湘草木，远思渺难收。
img_86059	还将两行泪，遥寄海西头。
img_86060	思家步月清宵立，忆弟看云白日眠。
img_86061	不见穿针妇，空怀故国楼。
img_86062	万里乡为梦，三边月作愁。
img_86063	万里归船弄长笛，此心吾与白鸥盟。
img_86064	远梦归侵晓，家书到隔年。
img_86065	天涯倦客，山中归路，望断故园心眼。
img_86066	行多有病住无粮，万里还乡未到乡。
img_86067	更被夕阳江岸上，断肠烟柳一丝丝。
img_86068	天涯失乡路，江外老华发。
img_86069	回首故山千里外，别离心绪向谁言？
img_86070	楚水巴山江雨多，巴人能唱本乡歌。
img_86071	满衣血泪与尘埃，乱后还乡亦可哀。
img_86072	画图恰似归家梦，千里河山寸许长。
img_86073	剑花寒，夜坐归心壮，又是他乡。
img_86074	一身虏云外，万里胡天西。
img_86075	念归林叶换，愁坐露华生。
img_86076	如今白首乡心尽，万里归程在梦中。
img_86077	九月九日眺山川，归心归望积风烟。
img_86078	故乡遥，何日去。家住吴门，久作长安旅。
img_86079	何事吟余忽惆怅，村桥原树似吾乡。
img_86080	此地动归念，长年悲倦游。
img_86081	江水三千里，家书十五行。
img_86082	男儿少为客，不辨是他乡。
img_86083	蝴蝶不传千里梦，子规叫断三更月。
img_86084	阶下青苔与红树，雨中寥落月中愁。
img_86085	明眸皓齿谁复见，只有丹青余泪痕。
img_86086	夜闻归雁生乡思，病入新年感物华。
img_86087	无端更渡桑干水，却望并州是故乡。
img_86088	心逐南云逝，形随北雁来。
img_86089	望阙云遮眼，思乡雨滴心。
img_86090	停船暂借问，或恐是同乡。
img_86091	衣懒换，酒难赊。可怜此夕看梅花。
img_86092	同心而离居，忧伤以终老。
img_86093	撩乱边愁听不尽，高高秋月照长城。
img_86094	若为化得身千亿，散上峰头望故乡。
img_86095	一为迁客去长沙，西望长安不见家。
img_86096	独有宦游人，偏惊物候新。
img_86097	复恐匆匆说不尽，行人临发又开封。
img_86098	不知何岁月，得与尔同归？
img_86099	悲歌可以当泣，远望可以当归。
img_86100	此身如传舍，何处是吾乡。
img_86101	遥知未眠月，乡思在渔歌。
img_86102	客从远方来，遗我双鲤鱼。
img_86103	岭外音书断，经冬复历春。
img_86104	胡马依北风，越鸟巢南枝。
img_86105	晨起动征铎，客行悲故乡。
img_86106	何处是归程？长亭连短亭。
img_86107	乡书何处达？归雁洛阳边。
img_86108	清明又近也，却天涯为客。
img_86109	雨窗和泪摇湘管。意长笺短。
img_86110	丛菊两开他日泪，孤舟一系故园心。
img_86111	行坐深闺里。懒更妆梳，自知新来憔悴。
img_86112	君行逾十年，孤妾常独栖。
img_86113	孤眠鸾帐里，枉劳魂梦，夜夜飞扬。
img_86114	伫立伤神。无奈轻寒著摸人。
img_86115	留连光景惜朱颜，黄昏独倚阑。
img_86116	不系雕鞍门前柳，玉容寂寞见花羞，冷风儿吹雨黄昏后。
img_86117	云淡风高叶乱飞，小庭寒雨绿苔微，深闺人静掩屏帷。
img_86118	睡里消魂无说处。觉来惆怅消魂误。
img_86119	斜月照帘帷，忆君和梦稀。
img_86120	芳草句，碧云辞，低徊闲自思。
img_86121	困花压蕊丝丝雨，不堪只共愁人语。
img_86122	愿随孤月影，流照伏波营。
img_86123	好梦欲成还又觉，绿窗但觉莺啼晓。
img_86124	新啼痕压旧啼痕，断肠人忆断肠人。
img_86125	满地黄花堆积。憔悴损，如今有谁堪摘？
img_86126	回廊四合掩寂寞，碧鹦鹉对红蔷薇。
img_86127	惟有楼前流水，应念我终日凝眸。
img_86128	君怀良不开，贱妾当何依。
img_86129	妾身独自眠，月圆人未圆。
img_86130	玉楼天半起笙歌，风送宫嫔笑语和。
img_86131	关山别荡子，风月守空闺。
img_86132	十二楼中尽晓妆，望仙楼上望君王。
img_86133	薄幸郎君何日到，想自当初，莫要相逢好。
img_86134	寂寂花时闭院门，美人相并立琼轩。
img_86135	何日平胡虏，良人罢远征。
img_86136	故园今夕是元宵，独向蛮村坐寂寥。
img_86137	欲笺心事，独语斜阑。
img_86138	江村独归处，寂寞养残生。
img_86139	南去北来徒自老，故人稀。
img_86140	斜阳独倚西楼。遥山恰对帘钩。
img_86141	病骨支离纱帽宽，孤臣万里客江干。
img_86142	聚散匆匆，云边孤雁，水上浮萍。
img_86143	寒鸦飞数点，流水绕孤村。
img_86144	等闲老去年华促。只有江梅伴幽独。
img_86145	为有云屏无限娇，凤城寒尽怕春宵。
img_86146	形影忽不见，翩翩伤我心。
img_86147	寂寞离亭掩，江山此夜寒。
img_86148	无言独上西楼，月如钩。
img_86149	独行独坐，独唱独酬还独卧。
img_86150	酒意诗情谁与共？泪融残粉花钿重。
img_86151	余拏一小舟，拥毳衣炉火，独往湖心亭看雪。
img_86152	睡起莞然成独笑，数声渔笛在沧浪。
img_86153	独敲初夜磬，闲倚一枝藤。
img_86154	水墨画疏窗，孤影淡潇湘。
img_86155	独上小搂春欲暮，愁望玉关芳草路。
img_86156	只应守寂寞，还掩故园扉。
img_86157	远去不逢青海马，力穷难拔蜀山蛇。
img_86158	以我独沉久，愧君相见频。
img_86159	茕茕孑立，形影相吊。
img_86160	万里乘云去复来，只身东海挟春雷。
img_86161	大堤欲上谁相伴，马踏春泥半是花。
img_86162	斜髻娇娥夜卧迟，梨花风静鸟栖枝。
img_86163	残灯明灭枕头欹，谙尽孤眠滋味。
img_86164	教人无处寄相思，落花芳草过前期，没人知。
img_86165	惜恐镜中春。不如花草新。
img_86166	玉楼深锁薄情种。清夜悠悠谁共。
img_86167	桃花洞，瑶台梦，一片春愁谁与共？
img_86168	黄昏独倚朱阑。西南新月眉弯。
img_86169	花前失却游春侣，独自寻芳。
img_86170	幽人归独卧，滞虑洗孤清。
img_86171	紫塞门孤，金河月冷，恨谁诉？
img_86172	河边独自看星宿，夜织天丝难接续。
img_86173	独立雕栏，谁怜枉度华年。
img_86174	音尘远，楚天危楼独倚。
img_86175	提笼忘采叶，昨夜梦渔阳。
img_86176	独眠林下梦魂好，回首人间忧患长。
img_86177	何处它年寄此生，山中江上总关情。
img_86178	谁怜散髻吹笙，天涯芳草关情。
img_86179	知君独坐青轩下，此时结念同所怀。
img_86180	一身犹在，乱山深处，寂寞溪桥畔。
img_86181	一觞虽独尽，杯尽壶自倾。
img_86182	顽老情怀，都无欢事，良宵爱幽独。
img_86183	同来不得同归去，故国逢春一寂寥！
img_86184	秋江带雨，寒沙萦水，人瞰画阁愁独。
img_86185	春梦醒来么？对春帆细雨，独自吟哦。
img_86186	机中锦字论长恨，楼上花枝笑独眠。
img_86187	永丰西角荒园里，尽日无人属阿谁。
img_86188	独自立瑶阶，透寒金缕鞋。
img_86189	几度白衣虚令节，致疑黄菊是孤芳。
img_86190	满川风雨独凭栏，绾结湘娥十二鬟。
img_86191	此意有谁知，恨与孤鸿远。
img_86192	山驿凄凉，灯昏人独寝。
img_86193	夜喧山门店，独宿不安席。
img_86194	筹边独坐，岂欲登览快双眸。
img_86195	璇室群酣夜，璜溪独钓时。
img_86196	苜蓿阑干满上林，西风残秣独沉吟。
img_86197	贾传自怜多感慨，东门何意泥孤虚。
img_86198	怜夜冷孀娥，相伴孤照。
img_86199	孤兔凄凉照水，晓风起银河西转。
img_86200	忆共人人睡魂蝶乱，梦鸾孤。
img_86201	谁念文园病客？夜色沉沉，独抱一天岑寂。
img_86202	眺听良多感，徙倚独沾襟。
img_86203	疲马山中愁日晚，孤舟江上畏春寒。
img_86204	想边鸿孤唳，砌蛩私语。
img_86205	高斋今夜雨，独卧武昌城。
img_86206	那堪好风景，独上洛阳桥。
img_86207	甚独抱清高，顿成凄楚。
img_86208	倦游京洛风尘，夜来病酒无人问。
img_86209	有客踌躇，古庭空自吊孤影。
img_86210	野桥古梅独卧寒屋角，疏影横斜暗上书窗敲。
img_86211	家山何在，雪后园林，水边楼阁。
img_86212	翠钿晓寒轻，独倚秋千无力。
img_86213	强整绣衾，独掩朱扉，枕簟为谁铺设。
img_86214	弥伤孤舟夜，远结万里心。
img_86215	黄鹂啭处谁同听，白菊开时且剩过。
img_86216	遥想独游佳味少，无方骓马但鸣嘶。
img_86217	绝顶茅庵里，老衲正孤吟。
img_86218	遥忆独眠人，早寒惊梦频。
img_86219	访戴归来，寻梅懒去，独钓无聊。
img_86220	半壁横江矗起，一舟载雨孤行。
img_86221	午枕梦初残，高楼上，独凭阑干。
img_86222	倚篷窗无寐，引杯孤酌。
img_86223	虚牖传寒柝，孤灯照绝编。
img_86224	独倚危栏，神游无际，天地犹嫌隘。
img_86225	谁怜旅愁荏苒。谩长门夜悄，锦筝弹怨。
img_86226	客里相逢，篱角黄昏，无言自倚修竹。
img_86227	清愁满眼共谁论。却应台下草，不解忆王孙。
img_86228	独自下层楼，楼下蛩声怨。
img_86229	涕零雨面毁形颜，谁能怀忧独不叹。
img_86230	有个娇娆如玉，夜夜绣屏孤宿，闲抱琵琶寻旧曲，远山眉黛绿。
img_86231	朝来入庭树，孤客最先闻。
img_86232	空园白露滴，孤壁野僧邻。
img_86233	伤情燕足留红线，恼人鸾影闲团扇。
img_86234	绕遍回廊还独坐。月笼云暗重门锁。
img_86235	独舞纷如雪，孤飞暧似云。
img_86236	去来江口守空船，绕船月明江水寒。
img_86237	最无端处，总把良宵，只恁孤眠却。
img_86238	更深人去寂静，但照壁孤灯相映。
img_86239	待到黄昏月上时，依旧柔肠断。
img_86240	月既不解饮，影徒随我身。
img_86241	客心已百念，孤游重千里。
img_86242	独自上层楼，楼外青山远。
img_86243	独夜忆秦关，听钟未眠客。
img_86244	那里是清江江上村，香闺里冷落谁瞅问？好一个憔悴的凭栏人。
img_86245	徐郎老，恨断肠声在，离镜孤鸾。
img_86246	今日独来香径里，更无人迹有苔钱。
img_86247	空自觉围羞带减，影怯灯孤。
img_86248	独睡起来情悄悄，寄愁何处好。
img_86249	独抱影儿眠，背看灯花落。
img_86250	义胆包天，忠肝盖地，四海无人识。
img_86251	今年游寓独游秦，愁思看春不当春。
img_86252	曲港跳鱼，圆荷泻露，寂寞无人见。
img_86253	残灯孤枕梦，轻浪五更风。
img_86254	故山知好在，孤客自悲凉。
img_86255	低头独长叹，此叹无人喻。
img_86256	晚来天，空悄然，孤眠，枕檀云髻偏。
img_86257	雨中禁火空斋冷，江上流莺独坐听。
img_86258	白兔捣药秋复春，嫦娥孤栖与谁邻？
img_86259	人道山长山又断。萧萧微雨闻孤馆。
img_86260	重阳独酌杯中酒，抱病起登江上台。
img_86261	杨柳风柔，海棠月淡，独自倚阑时。
img_86262	雨过月华生，冷彻鸳鸯浦。
img_86263	当时相候赤栏桥，今日独寻黄叶路。
img_86264	泪眼倚楼频独语。双燕飞来，陌上相逢否？
img_86265	断无蜂蝶慕幽香，红衣脱尽芳心苦。
img_86266	寂寂竟何待，朝朝空自归。
img_86267	独行潭底影，数息树边身。
img_86268	惊回千里梦，已三更。起来独自绕阶行。
img_86269	佳人独立相思苦。薄袖欺寒脩竹暮。
img_86270	写不成书，只寄得相思一点。
img_86271	无聊成独卧，弹指韶光过。
img_86272	扣舷独啸，不知今夕何夕。
img_86273	谁怜一片影，相失万重云？
img_86274	脱衣换得商山酒，笑把离骚独自倾。
img_86275	小雨湿黄昏。重午佳辰独掩门。
img_86276	卢家少妇郁金堂，海燕双栖玳瑁梁。
img_86277	知音少，弦断有谁听。
img_86278	时见幽人独往来，缥缈孤鸿影。
img_86279	轻解罗裳，独上兰舟。
img_86280	对酒卷帘邀明月，风露透窗纱。
img_86281	星稀河影转，霜重月华孤。
img_86282	独出前门望野田，月明荞麦花如雪。
img_86283	我歌月徘徊，我舞影零乱。
img_86284	待浮花浪蕊都尽，伴君幽独。
img_86285	半生已分孤眠过，山枕檀痕涴。
img_86286	荷笠带斜阳，青山独归远。
img_86287	雨暗残灯棋散后，酒醒孤枕雁来初。
img_86288	千里江山寒色远，芦花深处泊孤舟，笛在月明楼。
img_86289	离人心上秋。
img_86290	细草微风岸，危樯独夜舟。
img_86291	夜中不能寐，起坐弹鸣琴。
img_86292	梧桐半死清霜后，头白鸳鸯失伴飞。
img_86293	淮南皓月冷千山，冥冥归去无人管。
img_86294	红楼隔雨相望冷，珠箔飘灯独自归。
img_86295	亲朋无一字，老病有孤舟。
img_86296	鸿雁在云鱼在水。惆怅此情难寄。
img_86297	我行殊未已，何日复归来。
img_86298	片云天共远，永夜月同孤。
img_86299	寒雨连江夜入吴，平明送客楚山孤。
img_86300	花开不并百花丛，独立疏篱趣未穷。
img_86301	独上江楼思渺然，月光如水水如天。
img_86302	野径云俱黑，江船火独明。
img_86303	僵卧孤村不自哀，尚思为国戍轮台。
img_86304	明月楼高休独倚。酒入愁肠，化作相思泪。
img_86305	众鸟高飞尽，孤云独去闲。
img_86306	飘飘何所似，天地一沙鸥。
img_86307	杨花榆荚无才思，惟解漫天作雪飞。
img_86308	独坐幽篁里，弹琴复长啸。
img_86309	世事茫茫难自料，春愁黯黯独成眠。
img_86310	万里悲秋常作客，百年多病独登台。
img_86311	冠盖满京华，斯人独憔悴。
img_86312	孤灯不明思欲绝，卷帷望月空长叹。
img_86313	一寸柔肠情几许？薄衾孤枕，梦回人静，彻晓潇潇雨。
img_86314	相看两不厌，只有敬亭山。
img_86315	中秋谁与共孤光。把盏凄然北望。
img_86316	梦里不知身是客，一晌贪欢。
img_86317	乱山残雪夜，孤烛异乡人。
img_86318	今宵绝胜无人共，卧看星河尽意明。
img_86319	人去空流水，花飞半掩门。
img_86320	玉勒雕鞍游冶处，楼高不见章台路。
img_86321	瘦影自临春水照，卿须怜我我怜卿。
img_86322	渺万里层云，千山暮雪，只影向谁去？
img_86323	行尽江南，不与离人遇。
img_86324	无端嫁得金龟婿，辜负香衾事早朝。
img_86325	梳洗罢，独倚望江楼。
img_86326	寂寞深闺，柔肠一寸愁千缕。
img_86327	小轩独坐相思处，情绪好无聊。
img_86328	鱼书经岁绝，烛泪流残月。
img_86329	一往情深深几许？深山夕照深秋雨。
img_86330	百草千花寒食路，香车系在谁家树。
img_86331	风也萧萧，雨也萧萧，瘦尽灯花又一宵。
img_86332	春风不相识，何事入罗帏。
img_86333	夜深风竹敲秋韵。万叶千声皆是恨。
img_86334	贱妾茕茕守空房，忧来思君不敢忘，不觉泪下沾衣裳。
img_86335	影孤怜夜永。永夜怜孤影。
img_86336	冰簟银床梦不成，碧天如水夜云轻。
img_86337	却下水晶帘，玲珑望秋月。
img_86338	早知潮有信，嫁与弄潮儿。
img_86339	孤舟蓑笠翁，独钓寒江雪。
img_86340	揉蓝衫子杏黄裙，独倚玉阑无语点檀唇。
img_86341	妾身悔作商人妇，妾命当逢薄幸夫。
img_86342	纱窗日落渐黄昏，金屋无人见泪痕。
img_86343	东风恶，欢情薄。
img_86344	茕茕白兔，东走西顾。
img_86345	含情欲说宫中事，鹦鹉前头不敢言。
img_86346	今夜鄜州月，闺中只独看。
img_86347	春来秋去相思在，秋去春来信息稀。
img_86348	君若清路尘，妾若浊水泥
img_86349	白头宫女在，闲坐说玄宗。
img_86350	闺中少妇不知愁，春日凝妆上翠楼。
img_86351	别后不知君远近。触目凄凉多少闷。
img_86352	当君怀归日，是妾断肠时。
img_86353	衣不如新，人不如故。
img_86354	过尽千帆皆不是，斜晖脉脉水悠悠。
img_86355	红颜未老恩先断，斜倚薰笼坐到明。
img_86356	细雨梦回鸡塞远，小楼吹彻玉笙寒。
img_86357	天阶夜色凉如水，卧看牵牛织女星。
img_86358	柳庭风静人眠昼，昼眠人静风庭柳。
img_86359	寻寻觅觅，冷冷清清，凄凄惨惨戚戚。
img_86360	赏心乐事共谁论？花下销魂，月下销魂。
img_86361	庭院深深深几许，杨柳堆烟，帘幕无重数。
img_86362	人归落雁后，思发在花前。
img_86363	长江悲已滞，万里念将归。
img_86364	入春才七日，离家已二年。
img_86365	何日归家洗客袍？银字笙调，心字香烧。
img_86366	十年无梦得还家，独立青峰野水涯。
img_86367	忽见陌头杨柳色，悔教夫婿觅封侯。
img_86368	烽火连三月，家书抵万金。
img_86369	马上相逢无纸笔，凭君传语报平安。
img_86370	书卷多情似故人，晨昏忧乐每相亲。
img_86371	故园东望路漫漫，双袖龙钟泪不干。
img_86372	西北望乡何处是，东南见月几回圆。
img_86373	长风几万里，吹度玉门关。
img_86374	洛阳城里春光好，洛阳才子他乡老。
img_86375	仍怜故乡水，万里送行舟。
img_86376	独在异乡为异客，每逢佳节倍思亲。
img_86377	不知何处吹芦管，一夜征人尽望乡。
img_86378	寂寞空庭春欲晚，梨花满地不开门。
img_86379	洛阳城里见秋风，欲作家书意万重。
img_86380	羁鸟恋旧林，池鱼思故渊。
img_86381	故国三千里，深宫二十年。
img_86382	日暮乡关何处是？烟波江上使人愁。
img_86383	素衣莫起风尘叹，犹及清明可到家。
img_86384	此夜曲中闻折柳，何人不起故园情。
img_86385	巴山楚水凄凉地，二十三年弃置身。
img_86386	共看明月应垂泪，一夜乡心五处同。
img_86387	一年将尽夜，万里未归人。
img_86388	君自故乡来，应知故乡事。
img_86389	浊酒一杯家万里，燕然未勒归无计。
img_86390	一叫一回肠一断，三春三月忆三巴。
img_86391	唯有门前镜湖水，春风不改旧时波。
img_86392	举杯邀明月，对影成三人。
img_86393	风一更，雪一更，聒碎乡心梦不成，故园无此声。
img_86394	但愿人长久，千里共婵娟。
img_86395	今夜月明人尽望，不知秋思落谁家。
img_86396	谁家玉笛暗飞声，散入春风满洛城。
img_86397	近乡情更怯，不敢问来人。
img_86398	落叶他乡树，寒灯独夜人。
img_86399	春风又绿江南岸，明月何时照我还？
img_86400	白日放歌须纵酒，青春作伴好还乡。
img_86401	故乡今夜思千里，霜鬓明朝又一年。
img_86402	海上生明月，天涯共此时。
img_86403	苟利国家生死以，岂因祸福避趋之。
img_86404	平生不解藏人善，到处逢人说项斯。
img_86405	同心一人去，坐觉长安空。
img_86406	少小离家老大回，乡音无改鬓毛衰。
img_86407	白首相知犹按剑，朱门先达笑弹冠。
img_86408	过眼年华，动人幽意，相逢几番春换。
img_86409	春风得意马蹄疾，一日看尽长安花。
img_86410	无为在歧路，儿女共沾巾。
img_86411	今夕复何夕，共此灯烛光。
img_86412	忽忆故人今总老。贪梦好。茫然忘了邯郸道。
img_86413	托身白刃里，杀人红尘中。
img_86414	西窗下，风摇翠竹，疑是故人来。
img_86415	开轩面场圃，把酒话桑麻。
img_86416	故人江海别，几度隔山川。
img_86417	四海皆兄弟，谁为行路人。
img_86418	君不见管鲍贫时交，此道今人弃如土。
img_86419	何日功成名遂了，还乡，醉笑陪公三万场。
img_86420	不才明主弃，多病故人疏。
img_86421	相逢意气为君饮，系马高楼垂柳边。
img_86422	恰如灯下，故人万里，归来对影。
img_86423	故人入我梦，明我长相忆。
img_86424	唯愿当歌对酒时，月光长照金樽里。
img_86425	我今因病魂颠倒，唯梦闲人不梦君。
img_86426	正是江南好风景，落花时节又逢君。
img_86427	花径不曾缘客扫，蓬门今始为君开。
img_86428	我寄愁心与明月，随君直到夜郎西。
img_86429	我醉欲眠卿且去，明朝有意抱琴来。
img_86430	海内存知己，天涯若比邻。
img_86431	嫦娥应悔偷灵药，碧海青天夜夜心。
img_86432	岂曰无衣？与子同袍。
img_86433	露从今夜白，月是故乡明。
img_86434	世人结交须黄金，黄金不多交不深。
img_86435	浮云一别后，流水十年间。
img_86436	一生大笑能几回，斗酒相逢须醉倒。
img_86437	试问岭南应不好，却道此心安处是吾乡。
img_86438	别来春半，触目柔肠断。
img_86439	山回路转不见君，雪上空留马行处。
img_86440	惨惨柴门风雪夜，此时有子不如无。
img_86441	孤帆远影碧空尽，唯见长江天际流。
img_86442	江南无所有，聊赠一枝春。
img_86443	蜡烛有心还惜别，替人垂泪到天明。
img_86444	昔时人已没，今日水犹寒。
img_86445	悲莫悲生离别，乐莫乐新相识，儿女古今情。
img_86446	为谁醉倒为谁醒，到今犹恨轻离别。
img_86447	一向年光有限身，等闲离别易销魂，酒筵歌席莫辞频。
img_86448	杨花落尽子规啼，闻道龙标过五溪。
img_86449	明月不谙离恨苦。斜光到晓穿朱户。
img_86450	浩荡离愁白日斜，吟鞭东指即天涯。
img_86451	洛阳亲友如相问，一片冰心在玉壶。
img_86452	花似伊。柳似伊。花柳青春人别离。
img_86453	老来情味减，对别酒，怯流年。
img_86454	一别如斯，落尽梨花月又西。
img_86455	同是天涯沦落人，相逢何必曾相识！
img_86456	梧桐叶上三更雨，叶叶声声是别离。
img_86457	春未绿，鬓先丝。人间别久不成悲。
img_86458	丈夫非无泪，不洒离别间。
img_86459	春草明年绿，王孙归不归？
img_86460	今宵酒醒何处？杨柳岸，晓风残月。
img_86461	浮云游子意，落日故人情。
img_86462	日暮酒醒人已远，满天风雨下西楼。
img_86463	感时花溅泪，恨别鸟惊心。
img_86464	功名万里外，心事一杯中。
img_86465	恨君不似江楼月，南北东西，南北东西，只有相随无别离。
img_86466	人生不相见，动如参与商。
img_86467	执手相看泪眼，竟无语凝噎。
img_86468	相逢一醉是前缘，风雨散飘然何处。
img_86469	离别家乡岁月多，近来人事半消磨。
img_86470	一别都门三改火，天涯踏尽红尘。
img_86471	故人西辞黄鹤楼，烟花三月下扬州。
img_86472	昔去雪如花，今来花似雪。
img_86473	衰兰送客咸阳道，天若有情天亦老。
img_86474	相见时难别亦难，东风无力百花残。
img_86475	挥手自兹去，萧萧班马鸣。
img_86476	若教眼底无离恨，不信人间有白头。
img_86477	独自莫凭栏，无限江山，别时容易见时难。
img_86478	数人世相逢，百年欢笑，能得几回又。
img_86479	月有盈亏花有开谢，想人生最苦离别。
img_86480	仰天大笑出门去，我辈岂是蓬蒿人。
img_86481	相思了无益，悔当初相见。
img_86482	莫愁前路无知己，天下谁人不识君。
img_86483	此情无计可消除，才下眉头，却上心头。
img_86484	春心莫共花争发，一寸相思一寸灰！
img_86485	谁念西风独自凉，萧萧黄叶闭疏窗，沉思往事立残阳。
img_86486	云中谁寄锦书来，雁字回时，月满西楼。
img_86487	劝君更尽一杯酒，西出阳关无故人。
img_86488	兰有秀兮菊有芳，怀佳人兮不能忘。
img_86489	去年花里逢君别，今日花开已一年。
img_86490	春蚕到死丝方尽，蜡炬成灰泪始干。
img_86491	羡青山有思，白鹤忘机。
img_86492	渐行渐远渐无书，水阔鱼沉何处问。
img_86493	衣带渐宽终不悔，为伊消得人憔悴。
img_86494	人言落日是天涯，望极天涯不见家。
img_86495	思君如满月，夜夜减清辉。
img_86496	青山一道同云雨，明月何曾是两乡。
img_86497	桃李春风一杯酒，江湖夜雨十年灯。
img_86498	晓看天色暮看云，行也思君，坐也思君。
img_86499	花自飘零水自流。一种相思，两处闲愁。
img_86500	悲怀感物来，泣涕应情陨。
img_86501	床空委清尘，室虚来悲风。
img_86502	流芳未及歇，遗挂犹在壁。
img_86503	之子归穷泉，重壤永幽隔。
img_86504	我自中宵成转侧，忍听湘弦重理。
img_86505	故人在其下，尘土相豗蹴。
img_86506	尊前故人如在，想念我最关情。
img_86507	前年伐月支，城上没全师。
img_86508	我有所念人，隔在远远乡。
img_86509	伤心千里江南，怨曲重招，断魂在否？
img_86510	望庐思其人，入室想所历。
img_86511	绿兮丝兮，女所治兮。我思古人，俾无訧兮！
img_86512	尚想旧情怜婢仆，也曾因梦送钱财。
img_86513	凭仗丹青重省识，盈盈，一片伤心画不成。
img_86514	手携稚子夜归院，月冷空房不见人。
img_86515	欲祭疑君在，天涯哭此时。
img_86516	文章已满行人耳，一度思卿一怆然。
img_86517	同穴窅冥何所望，他生缘会更难期。
img_86518	可怜白骨攒孤冢，尽为将军觅战功。
img_86519	同来何事不同归。
img_86520	料得年年肠断处，明月夜，短松冈。
img_86521	小轩窗。正梳妆。相顾无言，惟有泪千行。
img_86522	系我一生心，负你千行泪。
img_86523	闲坐悲君亦自悲，百年多是几多时。
img_86524	缀玉联珠六十年，谁教冥路作诗仙。
img_86525	怀旧空吟闻笛赋，到乡翻似烂柯人。
img_86526	千里孤坟，无处话凄凉。
img_86527	相顾无言，惟有泪千行。
img_86528	空床卧听南窗雨，谁复挑灯夜补衣。
img_86529	梦断香消四十年，沈园柳老不吹绵。
img_86530	惟将终夜常开眼，报答平生未展眉。
img_86531	若似月轮终皎洁，不辞冰雪为卿热。
img_86532	诚知此恨人人有，贫贱夫妻百事哀。
img_86533	夜来幽梦忽还乡，小轩窗，正梳妆。相顾无言，惟有泪千行。
img_86534	君埋泉下泥销骨，我寄人间雪满头。
img_86535	休对故人思故国，且将新火试新茶。诗酒趁年华。
img_86536	伤心桥下春波绿，曾是惊鸿照影来。
img_86537	借问江潮与海水，何似君情与妾心？
img_86538	人到情多情转薄，而今真个不多情。
img_86539	无情不似多情苦。一寸还成千万缕。
img_86540	执子之手，与子偕老。
img_86541	肠已断，泪难收。相思重上小红楼。
img_86542	欲寄彩笺兼尺素，山长水阔知何处？
img_86543	君问归期未有期，巴山夜雨涨秋池。
img_86544	美人卷珠帘，深坐颦蛾眉。
img_86545	欲把相思说似谁，浅情人不知。
img_86546	桃花潭水深千尺，不及汪伦送我情。
img_86547	侯门一入深如海，从此萧郎是路人。
img_86548	愿为西南风，长逝入君怀。
img_86549	殷勤花下同携手。更尽杯中酒。美人不用敛蛾眉。
img_86550	逢郎欲语低头笑，碧玉搔头落水中。
img_86551	相寻梦里路，飞雨落花中。
img_86552	今宵剩把银釭照，犹恐相逢是梦中。
img_86553	此后锦书休寄，画楼云雨无凭。
img_86554	花落花开自有时，总赖东君主。
img_86555	一生一代一双人，争教两处销魂。
img_86556	墙头马上遥相顾，一见知君即断肠。
img_86557	今夕何夕，见此良人？
img_86558	众里寻他千百度，蓦然回首，那人却在，灯火阑珊处。
img_86559	曾与美人桥上别，恨无消息到今朝。
img_86560	上邪，我欲与君相知，长命无绝衰。
img_86561	所谓伊人，在水一方。
img_86562	君为女萝草，妾作菟丝花。
img_86563	相见情已深，未语可知心。
img_86564	思悠悠，恨悠悠，恨到归时方始休。
img_86565	浅情终似，行云无定，犹到梦魂中。
img_86566	一语不入意，从君万曲梁尘飞。
img_86567	同居长干里，两小无嫌猜。
img_86568	被酒莫惊春睡重，赌书消得泼茶香，当时只道是寻常。
img_86569	君安游兮西入秦，愿为影兮随君身。
img_86570	春思乱，芳心碎。
img_86571	公子王孙逐后尘，绿珠垂泪滴罗巾。
img_86572	锦瑟华年谁与度？
img_86573	多情只有春庭月，犹为离人照落花。
img_86574	身似浮云，心如飞絮，气若游丝。
img_86575	天不老，情难绝。
img_86576	忆昔花间相见后，只凭纤手，暗抛红豆。
img_86577	知君用心如日月，事夫誓拟同生死。
img_86578	我心匪石，不可转也。
img_86579	流水便随春远，行云终与谁同。
img_86580	一尺深红胜曲尘，天生旧物不如新。
img_86581	记得绿罗裙，处处怜芳草。
img_86582	若有知音见采，不辞遍唱阳春。
img_86583	美人赠我锦绣段，何以报之青玉案。
img_86584	静女其姝，俟我于城隅。
img_86585	春宵苦短日高起，从此君王不早朝。
img_86586	琴瑟在御，莫不静好。
img_86587	在天愿作比翼鸟，在地愿为连理枝。
img_86588	得成比目何辞死，愿作鸳鸯不羡仙。
img_86589	郎骑竹马来，绕床弄青梅。
img_86590	忆与君别年，种桃齐蛾眉。
img_86591	惜分长怕君先去，直待醉时休。
img_86592	柳色披衫金缕凤，纤手轻拈红豆弄，翠蛾双敛正含情。
img_86593	还作一段相思，冷波叶舞愁红，送人双桨。
img_86594	君宠益娇态，君怜无是非。
img_86595	碧云无渡碧天沉，是湖心，是侬心。
img_86596	乌丝阑纸娇红篆，历历春星。
img_86597	两情缠绵忽如故。复畏秋风生晓路。
img_86598	绮席象床寒玉枕，美人何处醉黄花。
img_86599	乌啼隐杨花，君醉留妾家。
img_86600	出入君怀袖，动摇微风发。
img_86601	我歌君起舞，潦倒略相同。
img_86602	为君憔悴尽，百花时。
img_86603	无那尘缘容易绝，燕子依然，软踏帘钩说。
img_86604	若待得君来向此，花前对酒不忍触。
img_86605	掩妾泪，听君歌。
img_86606	女曰鸡鸣，士曰昧旦。
img_86607	君在阴兮影不见，君依光兮妾所愿。
img_86608	凝恨对残晖，忆君君不知。
img_86609	人去秋千闲挂月，马停杨柳倦嘶风。
img_86610	合欢桃核终堪恨，里许元来别有人。
img_86611	妇人依倚子与夫，同居贫贱心亦舒。
img_86612	今日俸钱过十万，与君营奠复营斋。
img_86613	须作一生拚，尽君今日欢。
img_86614	奴为出来难，教君恣意怜。
img_86615	结发为夫妻，恩爱两不疑。
img_86616	尘缘一点，回首西风又陈迹。
img_86617	怀春情不断，犹带相思旧子。
img_86618	织锦相思楼影下，钿钗暗约小帘间。
img_86619	青绫被，莫忆金闺故步。
img_86620	相思不作勤书礼，别后吾言在订顽。
img_86621	名播兰簪妃后里，晕生莲脸君王侧。
img_86622	恐断红尚有相思字，何由见得。
img_86623	天街曾醉美人畔，凉枝移插乌巾。
img_86624	还始觉留情缘眼，宽带因春。
img_86625	但怪得当年梦缘能短。
img_86626	空劳纤手，解佩赠情人。
img_86627	美人金梯出，素手自提筐。
img_86628	绣袂捧琴兮，登君子堂。
img_86629	群燕辞归鹄南翔，念君客游多断肠。
img_86630	君歌杨叛儿，妾劝新丰酒。
img_86631	愿君采葑菲，无以下体妨。
img_86632	占得杏梁安稳处，体轻唯有主人怜，堪羡好因缘。
img_86633	远与君别者，乃至雁门关。
img_86634	还怕两人俱薄命，再缘悭剩月零风里。
img_86635	应难奈，故人天际，望彻淮山，相思无雁足。
img_86636	忆得盈盈拾翠侣，共携赏凤城寒食。
img_86637	何事非相思，江上葳蕤竹。
img_86638	宝奁明月不欺人，明日归来君试看。
img_86639	春闺月，红袖不须啼。
img_86640	可能无意传双蝶，尽付芳心与蜜房。
img_86641	送君如昨日，檐前露已团。
img_86642	旧相思偏供闲昼。
img_86643	画船捶鼓催君去。高楼把酒留君住。
img_86644	君知否，是山西将种，曾系诗盟。
img_86645	美人结长想，对此心凄然。
img_86646	念碎劈芳心，萦思千缕，赠将幽素，偷翦重云。
img_86647	贞女贵徇夫，舍生亦如此。
img_86648	枕障薰炉隔绣帷，二年终日苦相思，杏花明月始应知。
img_86649	漫向寒炉醉玉瓶，唤君同赏小窗明。
img_86650	新知遭薄俗，旧好隔良缘。
img_86651	花满河阳，为君羞褪晨妆茜。
img_86652	相思处青年如梦，乘鸾仙阙。
img_86653	屏却相思，近来知道都无益。
img_86654	不茶不饭，不言不语，一味供他憔悴。
img_86655	皑如山上雪，皎若云间月。
img_86656	窈窕淑女，君子好逑。
img_86657	梨花院落溶溶月，柳絮池塘淡淡风。
img_86658	妆罢低声问夫婿，画眉深浅入时无。
img_86659	君知妾有夫，赠妾双明珠。
img_86660	海水梦悠悠，君愁我亦愁。
img_86661	相思只在，丁香枝上，豆蔻梢头。
img_86662	莫唱当年长恨歌，人间亦自有银河。
img_86663	关关雎鸠，在河之洲。窈窕淑女，君子好逑。
img_86664	天长地久有时尽，此恨绵绵无绝期。
img_86665	人生自是有情痴，此恨不关风与月。
img_86666	生当复来归，死当长相思。
img_86667	换我心，为你心，始知相忆深。
img_86668	日日思君不见君，共饮长江水。
img_86669	泪眼问花花不语，乱红飞过秋千去。
img_86670	怕相思，已相思，轮到相思没处辞，眉间露一丝。
img_86671	天涯地角有穷时，只有相思无尽处。
img_86672	还君明珠双泪垂，恨不相逢未嫁时。
img_86673	直道相思了无益，未妨惆怅是清狂。
img_86674	落花人独立，微雨燕双飞。
img_86675	取次花丛懒回顾，半缘修道半缘君。
img_86676	夜月一帘幽梦，春风十里柔情。
img_86677	若是前生未有缘，待重结来生愿。
img_86678	似此星辰非昨夜，为谁风露立中宵。
img_86679	问世间，情是何物，直教生死相许？
img_86680	一日不见兮，思之如狂。
img_86681	身无彩凤双飞翼，心有灵犀一点通。
img_86682	愿得一心人，白头不相离。
img_86683	山无陵，江水为竭，冬雷震震，夏雨雪。天地合，乃敢与君绝。
img_86684	两情若是久长时，又岂在朝朝暮暮。
img_86685	只愿君心似我心，定不负相思意。
img_86686	入我相思门，知我相思苦，
img_86687	玲珑骰子安红豆，入骨相思知不知。
img_86688	十年生死两茫茫，不思量，自难忘。
img_86689	平生不会相思，才会相思，便害相思。
img_86690	昨梦西湖，老扁舟身世。
img_86691	清明上巳西湖好，满目繁华。
img_86692	西湖又还春晚，水树乱莺啼。
img_86693	西湖到日，重见梅钿皱。
img_86694	西湖旧日，留连清夜，爱酒几将花误。
img_86695	坡谓西湖，正如西子，浓抹淡妆临镜台。
img_86696	记取西湖西畔，正暮山好处，空翠烟霏。
img_86697	梅须逊雪三分白，雪却输梅一段香。
img_86698	山外青山楼外楼，西湖歌舞几时休？
img_86699	细雨鱼儿出，微风燕子斜。
img_86700	秋丛绕舍似陶家，遍绕篱边日渐斜。
img_86701	日出东南隅，照我秦氏楼。
img_86702	云散月明谁点缀？天容海色本澄清。
img_86703	但远山长，云山乱，晓山青。
img_86704	云无心以出岫，鸟倦飞而知还。
img_86705	暮云收尽溢清寒。银汉无声转玉盘。
img_86706	大风起兮云飞扬。威加海内兮归故乡。安得猛士兮守四方！
img_86707	纤云弄巧，飞星传恨，银汉迢迢暗度。
img_86708	孤山寺北贾亭西，水面初平云脚低。
img_86709	月下飞天镜，云生结海楼。
img_86710	忆对中秋丹桂丛。花在杯中。月在杯中。
img_86711	昨夜雨疏风骤，浓睡不消残酒。
img_86712	深林人不知，明月来相照。
img_86713	可怜九月初三夜，露似真珠月似弓。
img_86714	唤起一天明月，照我满怀冰雪，浩荡百川流。
img_86715	雾失楼台，月迷津渡。
img_86716	半竿落日，两行新雁，一叶扁舟。
img_86717	且就洞庭赊月色，将船买酒白云边。
img_86718	小时不识月，呼作白玉盘。
img_86719	举头西北浮云，倚天万里须长剑。
img_86720	日入室中暗，荆薪代明烛。
img_86721	白日丽飞甍，参差皆可见。
img_86722	青山霁后云犹在，画出东南四五峰。
img_86723	归云一去无踪迹，何处是前期？
img_86724	越人语天姥，云霞明灭或可睹。
img_86725	浓似春云淡似烟，参差绿到大江边。
img_86726	丹阳城南秋海阴，丹阳城北楚云深。
img_86727	云开远见汉阳城，犹是孤帆一日程。
img_86728	山从人面起，云傍马头生。
img_86729	骝马新跨白玉鞍，战罢沙场月色寒。
img_86730	床前明月光，疑是地上霜。
img_86731	山寺月中寻桂子，郡亭枕上看潮头。
img_86732	回乐烽前沙似雪，受降城外月如霜。
img_86733	凤箫声动，玉壶光转，一夜鱼龙舞。
img_86734	故人早晚上高台。赠我江南春色一枝梅。
img_86735	暮从碧山下，山月随人归。
img_86736	双星何事今宵会，遗我庭前月一钩。
img_86737	家家乞巧望秋月，穿尽红丝几万条。
img_86738	云淡风轻近午天，傍花随柳过前川。
img_86739	青女素娥俱耐冷，月中霜里斗婵娟。
img_86740	俱怀逸兴壮思飞，欲上青天揽明月。
img_86741	黯与山僧别，低头礼白云。
img_86742	西风烈，长空雁叫霜晨月。
img_86743	今宵楼上一尊同。云湿纱窗。
img_86744	悲商叩林，白云依山。
img_86745	骊宫高处入青云，仙乐风飘处处闻。
img_86746	风萧萧而异响，云漫漫而奇色。
img_86747	可惜一溪风月，莫教踏碎琼瑶。
img_86748	更深黄月落，夜久靥星稀。
img_86749	此夜星繁河正白，人传织女牵牛客。
img_86750	云拼欲下星斗动，天乐一声肌骨寒。
img_86751	星汉灿烂，若出其里。
img_86752	月黑雁飞高，单于夜遁逃。
img_86753	玉皇开碧落，银界失黄昏。
img_86754	梦入蓝桥，几点疏星映朱户。
img_86755	塞马一声嘶，残星拂大旗。
img_86756	半床落月蛩声病，万里寒云雁阵迟。
img_86757	晓月过残垒，繁星宿故关。
img_86758	乌鹊倦栖，鱼龙惊起，星斗挂垂杨。
img_86759	一声已动物皆静，四座无言星欲稀。
img_86760	昨夜斗回北，今朝岁起东。
img_86761	忽然更作渔阳掺，黄云萧条白日暗。
img_86762	五更鼓角声悲壮，三峡星河影动摇。
img_86763	苦雨思白日，浮云何由卷。
img_86764	圆魄上寒空，皆言四海同。
img_86765	青海阵云匝，黑山兵气冲。
img_86766	荆江日落阵云低，横戈跃马今何时。
img_86767	迁客此时徒极目，长洲孤月向谁明。
img_86768	朗月清风，浓烟暗雨，天教憔悴度芳姿。
img_86769	中秋佳月最端圆。老痴顽。见多番。
img_86770	山中夜来月，到晓不曾看。
img_86771	草木摇杀气，星辰无光彩。
img_86772	家住层城临汉苑，心随明月到胡天。
img_86773	上窗风动竹，月微明。
img_86774	是别有人间，那边才见，光影东头。
img_86775	池塘过雨急鸣蛙。酒醒明月照窗纱。
img_86776	月照城头乌半飞，霜凄万树风入衣。
img_86777	胡瓶落膊紫薄汗，碎叶城西秋月团。
img_86778	想今宵也对新月，过轻寒何处小桥。
img_86779	愿月常圆，休要暂时缺。
img_86780	月出于东山之上，徘徊于斗牛之间。
img_86781	明月，明月，胡笳一声愁绝。
img_86782	青冥浩荡不见底，日月照耀金银台。
img_86783	江上月明胡雁过，淮南木落楚山多。
img_86784	明月何皎皎，照我罗床帏。
img_86785	斜月沉沉藏海雾，碣石潇湘无限路。
img_86786	挟飞仙以遨游，抱明月而长终。
img_86787	明月净松林，千峰同一色。
img_86788	细雨春芜上林苑，颓垣夜月洛阳宫。
img_86789	但见宵从海上来，宁知晓向云间没。
img_86790	皎皎窗中月，照我室南端。
img_86791	偏皎洁，知他多少，阴晴圆缺。
img_86792	逢流星兮问路，顾我指兮从左。
img_86793	凄凉南浦，断桥斜月。
img_86794	携盘独出月荒凉，渭城已远波声小。
img_86795	岁寒无与同，朗月何胧胧。
img_86796	每圆处即良宵，甚此夕偏饶，对歌临怨。
img_86797	月色穿帘风入竹，倚屏双黛愁时。
img_86798	拜华星之坠几，约明月之浮槎。
img_86799	月傍苑楼灯影暗，风传阁道马蹄回。
img_86800	九衢雪小，千门月淡，元宵灯近。
img_86801	今夜月明江上酒初醒。
img_86802	穿针人在合欢楼，正月露玉盘高泻。
img_86803	天上若无修月户，桂枝撑损向西轮。
img_86804	寒月悲笳，万里西风瀚海沙。
img_86805	又疑瑶台镜，飞在青云端。
img_86806	今年欢笑复明年，秋月春风等闲度。
img_86807	曲终漏尽严具陈，月没星稀天下旦。
img_86808	欹枕数秋天，蟾蜍下早弦。
img_86809	桂魄飞来光射处，冷浸一天秋碧。
img_86810	相思只在梦魂中。今宵月，偏照小楼东。
img_86811	白草黄沙。月照孤村三两家。
img_86812	古刹疏钟度，遥岚破月悬。
img_86813	空山梵呗静，水月影俱沉。
img_86814	人悄悄，帘外月胧明。
img_86815	月华如练，长是人千里。
img_86816	松排山面千重翠，月点波心一颗珠。
img_86817	日月之行，若出其中。
img_86818	山高月小，水落石出。
img_86819	朝云乱人目，帝女湘川宿。
img_86820	黄埃散漫风萧索，云栈萦纡登剑阁。
img_86821	置酒望白云，商飙起寒梧。
img_86822	白云初下天山外，浮云直向五原间。
img_86823	俯皇都之宏丽兮，瞰云霞之浮动。
img_86824	密云双凤，初破缕金团。
img_86825	浮云暮南征，可望不可攀。
img_86826	表独立兮山之上，云容容兮而在下
img_86827	隔岸荒云远断，绕矶小树微明。
img_86828	对朝云叆叇，暮雨霏微，乱峰相倚。
img_86829	霰雪纷其无垠兮，云霏霏而承宇。
img_86830	冷冷水向桥东去。漠漠云归溪上住。
img_86831	阁雪云低，卷沙风急，惊雁失序。
img_86832	清漏渐移相望久，微云未接过来迟。
img_86833	飞云当面化龙蛇，夭矫转空碧。
img_86834	碧虚无云风不起，山上长松山下水。
img_86835	雪雰雰而薄木兮，云霏霏而陨集。
img_86836	地冷叶先尽，谷寒云不行。
img_86837	卧看牵牛织女星，月转过梧桐树影。
img_86838	长歌吟松风，曲尽河星稀。
img_86839	月明星稀，乌鹊南飞。绕树三匝，何枝可依？
img_86840	迟迟钟鼓初长夜，耿耿星河欲曙天。
img_86841	辛苦遭逢起一经，干戈寥落四周星。
img_86842	北斗七星高，哥舒夜带刀。
img_86843	微微风簇浪，散作满河星。
img_86844	云母屏风烛影深，长河渐落晓星沉。
img_86845	迢迢牵牛星，皎皎河汉女。
img_86846	行宫见月伤心色，夜雨闻铃肠断声。
img_86847	夜阑风静欲归时，惟有一江明月碧琉璃。
img_86848	花明月暗笼轻雾，今宵好向郎边去。
img_86849	灯半昏时，月半明时。
img_86850	流星透疏木，走月逆行云。
img_86851	无情有恨何人觉？月晓风清欲堕时。
img_86852	齐唱宪王春乐府，金梁桥外月如霜。
img_86853	笙歌散后酒初醒，深院月斜人静。
img_86854	何夜无月？何处无竹柏？但少闲人如吾两人者耳。
img_86855	走马西来欲到天，辞家见月两回圆。
img_86856	静夜沉沉，浮光霭霭，冷浸溶溶月。
img_86857	星点点，月团团。倒流河汉入杯盘。
img_86858	山光忽西落，池月渐东上。
img_86859	风鸣两岸叶，月照一孤舟。
img_86860	边月随弓影，胡霜拂剑花。
img_86861	昨夜风开露井桃，未央前殿月轮高。
img_86862	满月飞明镜，归心折大刀。
img_86863	星月皎洁，明河在天，四无人声，声在树间。
img_86864	人攀明月不可得，月行却与人相随。
img_86865	五更钟动笙歌散，十里月明灯火稀。
img_86866	一树梨花一溪月，不知今夜属何人？
img_86867	暗尘随马去，明月逐人来。
img_86868	松月生夜凉，风泉满清听。
img_86869	阴晴圆缺都休说，且喜人间好时节。
img_86870	半天凉月色，一笛酒人心。
img_86871	水国蒹葭夜有霜，月寒山色共苍苍。
img_86872	三更月。中庭恰照梨花雪。
img_86873	雁声远过潇湘去，十二楼中月自明。
img_86874	黄云陇底白云飞，未得报恩不能归。
img_86875	湖阔兼云雾，楼孤属晚晴。
img_86876	江天一色无纤尘，皎皎空中孤月轮。
img_86877	林壑敛暝色，云霞收夕霏。
img_86878	耿斜河疏星淡月，断云微度。
img_86879	云山万重兮归路遐，疾风千里兮扬尘沙。
img_86880	拨云寻古道，倚石听流泉。
img_86881	举头望云林，愧听慧鸟语。
img_86882	风驱急雨洒高城，云压轻雷殷地声。
img_86883	快上西楼，怕天放浮云遮月。
img_86884	晓月坠，宿云微，无语枕频欹。
img_86885	万里浮云卷碧山，青天中道流孤月。
img_86886	枕中云气千峰近，床底松声万壑哀。
img_86887	落月满屋梁，犹疑照颜色。
img_86888	危楼高百尺，手可摘星辰。
img_86889	龙嘘气成云，云固弗灵于龙也。
img_86890	望断行云无觅处，梦回明月生南浦。
img_86891	回首暮云远，飞絮搅青冥。
img_86892	凭高眺远，见长空万里，云无留迹。
img_86893	孤云与归鸟，千里片时间。
img_86894	大风起兮云飞扬。威加海内兮归故乡。
img_86895	云销雨霁，彩彻区明。
img_86896	浮云柳絮无根蒂，天地阔远随飞扬。
img_86897	碧水惊秋，黄云凝暮，败叶零乱空阶。
img_86898	沙场烽火连胡月，海畔云山拥蓟城。
img_86899	胡马嘶风，汉旗翻雪，彤云又吐，一竿残照。
img_86900	独立小桥风满袖，平林新月人归后。
img_86901	晨兴理荒秽，带月荷锄归。
img_86902	黄云连白草，万里有无间。
img_86903	人有悲欢离合，月有阴晴圆缺，此事古难全。
img_86904	归鸿声断残云碧。背窗雪落炉烟直。
img_86905	明月如霜，好风如水，清景无限。
img_86906	掬水月在手，弄花香满衣。
img_86907	月黑见渔灯，孤光一点萤。
img_86908	多谢月相怜，今宵不忍圆。
img_86909	凉月如眉挂柳湾，越中山色镜中看。
img_86910	青天有月来几时？我今停杯一问之。
img_86911	酒贱常愁客少，月明多被云妨。
img_86912	寸寸微云，丝丝残照，有无明灭难消。
img_86913	彩舟云淡，星河鹭起，画图难足。
img_86914	鸟向檐上飞，云从窗里出。
img_86915	坐看黑云衔猛雨，喷洒前山此独晴。
img_86916	云青青兮欲雨，水澹澹兮生烟。
img_86917	风回云断雨初晴，返照湖边暖复明。
img_86918	照野弥弥浅浪，横空隐隐层霄。
img_86919	白云一片去悠悠，青枫浦上不胜愁。
img_86920	云来山更佳，云去山如画。
img_86921	回看射雕处，千里暮云平。
img_86922	叶落当归根，云沉久必起。
img_86923	白云千里万里，明月前溪后溪。
img_86924	山抹微云，天连衰草，画角声断谯门。
img_86925	白云回望合，青霭入看无。
img_86926	东武望余杭，云海天涯两渺茫。
img_86927	斜日更穿帘幕，微凉渐入梧桐。
img_86928	日初出大如车盖，及日中则如盘盂，此不为远者小而近者大乎？
img_86929	峨嵋山下少人行，旌旗无光日色薄。
img_86930	草木行列，烟消日出。
img_86931	重岩叠嶂，隐天蔽日。
img_86932	山中何所有，岭上多白云。
img_86933	怅望倚危栏，红日无言西下。
img_86934	卓众来东下，金甲耀日光。
img_86935	日光下澈，影布石上，佁然不动
img_86936	日高烟敛，更看今日晴未。
img_86937	社下烧钱鼓似雷，日斜扶得醉翁回。
img_86938	天秋日正中，水碧无尘埃。
img_86939	不是诚斋无月，隔一林修竹。
img_86940	日星隐曜，山岳潜形
img_86941	楼头客子杪秋后，日落君山元气中。
img_86942	牛困人饥日已高，市南门外泥中歇。
img_86943	日光寒兮草短，月色苦兮霜白。
img_86944	春风对青冢，白日落梁州。
img_86945	关城榆叶早疏黄，日暮云沙古战场。
img_86946	日照新妆水底明，风飘香袂空中举。
img_86947	两岸桃花烘日出，四围高柳到天垂。
img_86948	任宝奁尘满，日上帘钩。
img_86949	日射纱窗风撼扉，香罗拭手春事违。
img_86950	渌水净素月，月明白鹭飞。
img_86951	云移雉尾开宫扇，日绕龙鳞识圣颜。
img_86952	徙倚霜风里，落日伴人愁。
img_86953	寒日萧萧上琐窗，梧桐应恨夜来霜。
img_86954	晨昏滚滚水东流，今古悠悠日西坠。
img_86955	风吹芳兰折，日没鸟雀喧。
img_86956	恼乱横波秋一寸。斜阳只与黄昏近。
img_86957	日暖桑麻光似泼，风来蒿艾气如薰。
img_86958	鸟飞千白点，日没半红轮。
img_86959	春日载阳，有鸣仓庚。
img_86960	午醉未醒红日晚，黄昏帘幕无人卷。
img_86961	红日淡，绿烟晴。流莺三两声。
img_86962	李白如今已仙去，月在青天几圆缺？
img_86963	烟笼寒水月笼沙，夜泊秦淮近酒家。
img_86964	天下三分明月夜，二分无赖是扬州。
img_86965	此生此夜不长好，明月明年何处看。
img_86966	月儿弯弯照九州，几家欢乐几家愁。
img_86967	明月松间照，清泉石上流。
img_86968	大漠沙如雪，燕山月似钩。
img_86969	缺月挂疏桐，漏断人初静。
img_86970	明月几时有？把酒问青天。
img_86971	今人不见古时月，今月曾经照古人。
img_86972	沙上并禽池上暝。云破月来花弄影。
img_86973	只在此山中，云深不知处。
img_86974	远上寒山石径斜，白云生处有人家。
img_86975	不畏浮云遮望眼，自缘身在最高层。
img_86976	天平山上白云泉，云自无心水自闲。
img_86977	明月出天山，苍茫云海间。
img_86978	应是天仙狂醉，乱把白云揉碎。
img_86979	愿我如星君如月，夜夜流光相皎洁。
img_86980	若得山花插满头，莫问奴归处。
img_86981	手如柔荑，肤如凝脂
img_86982	绝代有佳人，幽居在空谷。
img_86983	卧看满天云不动，不知云与我俱东。
img_86984	有美一人，清扬婉兮。
img_86985	并刀如水，吴盐胜雪，纤手破新橙。
img_86986	浮云蔽白日，游子不顾返。
img_86987	洞房昨夜停红烛，待晓堂前拜舅姑。
img_86988	试问岭南应不好，却道此心安处是吾乡。
img_86989	神女生涯原是梦，小姑居处本无郎。
img_86990	垆边人似月，皓腕凝霜雪。
img_86991	墙里秋千墙外道。墙外行人，墙里佳人笑。
img_86992	小山重叠金明灭，鬓云欲度香腮雪。
img_86993	照花前后镜，花面交相映。
img_86994	绣面芙蓉一笑开，斜飞宝鸭衬香腮。
img_86995	尽道有些堪恨处，无情，任是无情也动人。
img_86996	云鬓花颜金步摇，芙蓉帐暖度春宵。
img_86997	日下壁而沉彩，月上轩而飞光。
img_86998	长安一片月，万户捣衣声。
img_86999	冰肌玉骨，自清凉无汗。
img_87000	精卫衔微木，将以填沧海。
img_87001	当时明月在，曾照彩云归。
img_87002	谢公最小偏怜女，自嫁黔娄百事乖。
img_87003	月上柳梢头，人约黄昏后。
img_87004	巧笑东邻女伴，采桑径里逢迎。
img_87005	越女新妆出镜心，自知明艳更沉吟。
img_87006	出其东门，有女如云。
img_87007	昔有佳人公孙氏，一舞剑器动四方。
img_87008	柳如眉，云似发，鲛绡雾縠笼香雪。
img_87009	行到水穷处，坐看云起时。
img_87010	香雾云鬟湿，清辉玉臂寒。
img_87011	千呼万唤始出来，犹抱琵琶半遮面。
img_87012	佳人彩云里，欲赠隔远天。
img_87013	少妇今春意，良人昨夜情。
img_87014	汉帝重阿娇，贮之黄金屋。
img_87015	会稽愚妇轻买臣，余亦辞家西入秦。
img_87016	易挑锦妇机中字。难得玉人心下事。
img_87017	明妃一朝西入胡，胡中美女多羞死。
img_87018	年年越溪女，相忆采芙蓉。
img_87019	波澜誓不起，妾心古井水。
img_87020	嫁得瞿塘贾，朝朝误妾期。
img_87021	水晶帘不下，云母屏开，冷浸佳人淡脂粉。
img_87022	晚妆初了明肌雪，春殿嫔娥鱼贯列。
img_87023	妇姑相唤浴蚕去，闲看中庭栀子花。
img_87024	借问汉宫谁得似，可怜飞燕倚新妆。
img_87025	东飞伯劳西飞燕，黄姑织女时相见。
img_87026	惟草木之零落兮，恐美人之迟暮。
img_87027	妾家高楼连苑起，良人执戟明光里。
img_87028	素娥惟与月，青女不饶霜。
img_87029	十五入汉宫，花颜笑春红。
img_87030	燕燕轻盈，莺莺娇软，分明又向华胥见。
img_87031	斜倚画阑娇不语，暗移梅影过红桥，裙带北风飘。
img_87032	堂前扑枣任西邻，无食无儿一妇人。
img_87033	彩线轻缠红玉臂，小符斜挂绿云鬟。佳人相见一千年。
img_87034	新妆宜面下朱楼，深锁春光一院愁。
img_87035	解释春风无限恨，沉香亭北倚阑干。
img_87036	肌玉暗消衣带缓，泪珠斜透花钿侧。
img_87037	昨日春如，十三女儿学绣。
img_87038	吏呼一何怒，妇啼一何苦。
img_87039	曲径穿花寻蛱蝶，虚阑傍日教鹦鹉。
img_87040	辽东小妇年十五，惯弹琵琶解歌舞。
img_87041	往年同在鸾桥上，见倚朱阑咏柳绵。
img_87042	不信楼头杨柳月，玉人歌舞未曾归。
img_87043	虽然不如延年妹，亦是当时绝世人。
img_87044	吴姬越艳楚王妃，争弄莲舟水湿衣。
img_87045	蚕娘洗茧前溪渌，牧童吹笛和衣浴。
img_87046	欢宴良宵好月，佳人修竹清风。
img_87047	手弄生绡白团扇，扇手一时似玉。
img_87048	手捻香笺忆小莲。欲将遗恨倩谁传。
img_87049	妾本秦罗敷，玉颜艳名都。
img_87050	桂叶双眉久不描，残妆和泪污红绡。
img_87051	菡萏香连十顷陂，小姑贪戏采莲迟。
img_87052	玉人初上木兰时。懒妆斜立澹春姿。
img_87053	愿妾身为红菡萏。年年生在秋江上。
img_87054	承恩不在貌，教妾若为容。
img_87055	美人慵翦上元灯，弹泪倚瑶瑟。
img_87056	淡黄杨柳暗栖鸦。玉人和月摘梅花。
img_87057	香脸半开娇旖旎。当庭际。玉人浴出新妆洗。
img_87058	西施越溪女，出自苎萝山。
img_87059	忆共锦衾无半缝，郎似桐花，妾似桐花凤。
img_87060	清晓妆成寒食天，柳球斜袅间花钿，卷帘直出画堂前。
img_87061	粉色全无饥色加，岂知人世有荣华。
img_87062	谁爱风流高格调，共怜时世俭梳妆。
img_87063	云中乱拍禄山舞，风过重峦下笑声。
img_87064	当垆秦女，十五语如弦。
img_87065	那作商人妇，愁水复愁风。
img_87066	西门秦氏女，秀色如琼花。
img_87067	下床着新衣，初学小姑拜。
img_87068	美人梳洗时，满头间珠翠。
img_87069	红粉当垆弱柳垂，金花腊酒解酴醿。
img_87070	严妆欲罢啭黄鹂，飞上万年枝。
img_87071	愁损翠黛双蛾，日日画阑独凭。
img_87072	笑绿鬟邻女，倚窗犹唱，夕阳西下。
img_87073	玉手佳人，笑把琵琶理。
img_87074	采莲时，小娘红粉对寒浪。
img_87075	上有愁思妇，悲叹有余哀。
img_87076	妖娆艳态，妒风笑月，长殢东君。
img_87077	罗袂从风轻举，愁杀采莲女！
img_87078	云鬟绿鬓罢梳结，愁如回飙乱白雪。
img_87079	佳人应怪我，别后寡信轻诺。
img_87080	媪引浓妆女，儿扶烂醉翁。
img_87081	小立红桥柳半垂，越罗裙飏缕金衣。
img_87082	魏都接燕赵，美女夸芙蓉。
img_87083	玉颜憔悴三年，谁复商量管弦。
img_87084	汉女输橦布，巴人讼芋田。
img_87085	采桑秦氏女，织锦窦家妻。
img_87086	谁向若耶溪上，倩美人西去，麋鹿姑苏。
img_87087	绿云扰扰，梳晓鬟也
img_87088	宫中彩女颜如花，飘然挥手凌紫霞，从风纵体登鸾车。
img_87089	当关不报侵晨客，新得佳人字莫愁。
img_87090	红脸青腰，旧识凌波女。
img_87091	不似春风逞红艳，镜前空坠玉人钗。
img_87092	阿香秋梦起娇啼，玉女传幽素。
img_87093	武公不但歌淇澳，贤女犹能唁卫侯。
img_87094	秦女含颦向烟月，愁红带露空迢迢。
img_87095	兰帐玉人睡觉，怪春衣雪沾琼缀。
img_87096	天子居未央，妾侍卷衣裳。
img_87097	燕支落汉家，妇女无华色。
img_87098	新样靓妆，艳溢香融，羞杀蕊珠宫女。
img_87099	西风稍急喧窗竹，停又续，腻脸悬双玉。
img_87100	自昔佳人多薄命，对古来一片伤心月。
img_87101	天公见玉女，大笑亿千场。
img_87102	秾艳一枝细看取，芳心千重似束。
img_87103	夫因兵死守蓬茅，麻苎衣衫鬓发焦。
img_87104	百二禁兵辞象阙，三千宫女下龙舟。
img_87105	垓下美人泣楚歌，定陶美人泣楚舞，真龙亦鼠虎亦鼠。
img_87106	雁柱十三弦，一一春莺语。
img_87107	新人虽完好，未若故人姝。
img_87108	山僧过岭看茶老，村女当垆煮酒香。
img_87109	女儿年几十五六，窈窕无双颜如玉。
img_87110	佳人相对泣，泪下罗衣湿。
img_87111	朝为越溪女，暮作吴宫妃。
img_87112	啼时惊妾梦，不得到辽西。
img_87113	吴酒一杯春竹叶，吴娃双舞醉芙蓉。
img_87114	团扇，团扇，美人病来遮面。
img_87115	低头羞见人，双手结裙带。
img_87116	笑时犹带岭梅香。试问岭南应不好。
img_87117	却嫌脂粉污颜色，淡扫蛾眉朝至尊。
img_87118	芙蓉如面柳如眉，对此如何不泪垂。
img_87119	众里嫣然通一顾，人间颜色如尘土。
img_87120	山远翠眉长。高处凄凉。菊花清瘦杜秋娘。
img_87121	彩袖殷勤捧玉钟。当年拚却醉颜红。
img_87122	依旧桃花面，频低柳叶眉。
img_87123	美人如花隔云端。
img_87124	竹喧归浣女，莲动下渔舟。
img_87125	凌波不过横塘路，但目送芳尘去。
img_87126	静女其娈，贻我彤管。
img_87127	万里归来颜愈少，微笑，笑时犹带岭梅香。
img_87128	三日入厨下，洗手作羹汤。
img_87129	名花倾国两相欢，常得君王带笑看。
img_87130	扫眉才子知多少，管领春风总不如。
img_87131	人家见生男女好，不知男女催人老。
img_87132	一顾倾人城，再顾倾人国。
img_87133	回眸一笑百媚生，六宫粉黛无颜色。
img_87134	一枝红艳露凝香，云雨巫山枉断肠。
img_87135	巧笑倩兮，美目盼兮。
img_87136	和羞走，倚门回首，却把青梅嗅。
img_87137	朱弦已为佳人绝，青眼聊因美酒横。
img_87138	娉娉袅袅十三余，豆蔻梢头二月初。
img_87139	苦恨年年压金线，为他人作嫁衣裳。
img_87140	七夕今宵看碧霄，牵牛织女渡河桥。
img_87141	舞低杨柳楼心月，歌尽桃花扇底风。
img_87142	宁不知倾城与倾国。佳人难再得。
img_87143	墙外行人，墙里佳人笑。
img_87144	北方有佳人，绝世而独立。
img_87145	以色事他人，能得几时好。
img_87146	泉声咽危石，日色冷青松。
img_87147	落日无情最有情，遍催万树暮蝉鸣。
img_87148	易求无价宝，难得有心郎。
img_87149	白日沦西河，素月出东岭。
img_87150	渡头馀落日，墟里上孤烟。
img_87151	草满池塘水满陂，山衔落日浸寒漪。
img_87152	日暮东风怨啼鸟，落花犹似堕楼人。
img_87153	飞来山上千寻塔，闻说鸡鸣见日升。
img_87154	落日熔金，暮云合璧，人在何处。
img_87155	闲来无事不从容，睡觉东窗日已红。
img_87156	举头红日近，回首白云低。
img_87157	山际见来烟，竹中窥落日。
img_87158	清晨入古寺，初日照高林。
img_87159	常记溪亭日暮，沉醉不知归路。
img_87160	风住尘香花已尽，日晚倦梳头。
img_87161	朝看水东流，暮看日西坠。
img_87162	白日不到处，青春恰自来。
img_87163	闲云潭影日悠悠，物换星移几度秋。
img_87164	酒困路长惟欲睡，日高人渴漫思茶。
img_87165	千门万户曈曈日，总把新桃换旧符。
img_87166	细雨湿衣看不见，闲花落地听无声。
img_87167	老翁逾墙走，老妇出门看。
img_87168	我未成名卿未嫁，可能俱是不如人。
img_87169	正雁水夜清，卧虹平帖。
img_87170	深涧饮渴虹，邃河生秋雷。
img_87171	二十四桥明月夜，玉人何处教吹箫？
img_87172	蜃散云收破楼阁，虹残水照断桥粱。
img_87173	柳外轻雷池上雨，雨声滴碎荷声。小楼西角断虹明。
img_87174	乱石穿空，惊涛拍岸，卷起千堆雪。
img_87175	参横斗转欲三更，苦雨终风也解晴。
img_87176	松间沙路净无泥，潇潇暮雨子规啼。
img_87177	对潇潇暮雨洒江天，一番洗清秋。
img_87178	一叶叶，一声声，空阶滴到明。
img_87179	斜风细雨不须归。
img_87180	南国有佳人，容华若桃李。
img_87181	无奈朝来寒雨，晚来风。
img_87182	升堂坐阶新雨足，芭蕉叶大栀子肥。
img_87183	风雨如晦，鸡鸣不已。
img_87184	卷地风来忽吹散，望湖楼下水如天。
img_87185	高楼目尽欲黄昏，梧桐叶上萧萧雨。
img_87186	柳絮风轻，梨花雨细。
img_87187	昆仑之高有积雪，蓬莱之远常遗寒。
img_87188	锄禾日当午，汗滴禾下土。
img_87189	夜雨滴空阶，孤馆梦回，情绪萧索。
img_87190	丝丝杨柳丝丝雨。春在溟濛处。
img_87191	东风杨柳欲青青。烟淡雨初晴。
img_87192	雨荒深院菊，霜倒半池莲。
img_87193	孤村落日残霞，轻烟老树寒鸦，一点飞鸿影下。
img_87194	莫听穿林打叶声，何妨吟啸且徐行。
img_87195	蚤是伤春梦雨天，可堪芳草更芊芊。
img_87196	萧条庭院，又斜风细雨，重门须闭。
img_87197	雨过横塘水满堤，乱山高下路东西。
img_87198	春风桃李花开日，秋雨梧桐叶落时。
img_87199	一声声，一更更。
img_87200	雨晴烟晚。绿水新池满。
img_87201	雨前初见花间蕊，雨后兼无叶里花。
img_87202	风雨凄凄，鸡鸣喈喈。
img_87203	杏花时节雨纷纷。山绕孤村。水绕孤村。
img_87204	山城过雨百花尽，榕叶满庭莺乱啼。
img_87205	侵陵雪色还萱草，漏泄春光有柳条。
img_87206	去年今日此门中，人面桃花相映红。
img_87207	花明玉关雪，叶暖金窗烟。
img_87208	岸旁青草长不歇，空中白雪遥旋灭。
img_87209	暮雨相呼失，寒塘欲下迟。
img_87210	雨足高田白，披蓑半夜耕。
img_87211	雨洗娟娟净，风吹细细香。
img_87212	燕子衔将春色去，纱窗几阵黄梅雨。
img_87213	垂下帘栊。双燕归来细雨中。
img_87214	积土成山，风雨兴焉
img_87215	远岫出山催薄暮，细风吹雨弄轻阴。
img_87216	海燕未来人斗草，江梅已过柳生绵。黄昏疏雨湿秋千。
img_87217	透内阁香风阵阵，掩重门暮雨纷纷。
img_87218	骤雨过，珍珠乱撒，打遍新荷。
img_87219	乱碧萋萋，雨后江天晓。
img_87220	柳花惊雪浦，麦雨涨溪田。
img_87221	淅淅西风淡淡烟，几点疏疏雨。
img_87222	深院锁黄昏，阵阵芭蕉雨。
img_87223	思牵今夜肠应直，雨冷香魂吊书客。
img_87224	一帘鸠外雨，几处闲田，隔水动春锄。
img_87225	三月休听夜雨，如今不是催花。
img_87226	微雨从东来，好风与之俱。
img_87227	林外鸣鸠春雨歇，屋头初日杏花繁。
img_87228	雨落不上天，水覆难再收。
img_87229	桐花半亩，静锁一庭愁雨。
img_87230	雨雪雰雰，益之以霡霂。
img_87231	叹寄与路遥，夜雪初积。
img_87232	梅花南北路，风雨湿征衣。
img_87233	晓风不散愁千点，宿雨还添泪一痕。
img_87234	至鹭鸶林，则雪深泥滑，不得前矣。
img_87235	霜雪兮漼溰，冰冻兮洛泽。
img_87236	瘦雪一痕墙角，青子已妆残萼。
img_87237	春田龟坼苗不滋，犹赖立春三日雪。
img_87238	乃幽武置大窖中，绝不饮食。天雨雪。
img_87239	霰淅沥而先集，雪粉糅而遂多。
img_87240	千雷万霆，激绕其身，霰雪雨雹，一时皆下。
img_87241	悲霜雪之俱下兮，听潮水之相击。
img_87242	俄而未霰零，密雪下。
img_87243	尔来从军天汉滨，南山晓雪玉嶙峋。
img_87244	欲往从之雪雰雰，侧身北望涕沾巾。
img_87245	龟言此地之寒，鹤讶今年之雪。
img_87246	增冰峨峨，飞雪千里些。
img_87247	溪谷少人民，雪落何霏霏！
img_87248	至若穷阴凝闭，凛冽海隅，积雪没胫，坚冰在须。
img_87249	积雪覆平皋，饥鹰捉寒兔。
img_87250	江上雪，独立钓渔翁。
img_87251	辔摇衔铁。蹴踏平原雪。
img_87252	山头堆白雪，风里卷黄沙。
img_87253	秋冬雪月，千里一色
img_87254	庭前雪压松桂丛，廊下点点悬纱笼。
img_87255	京国多年情尽改，忽听春雨忆江南。
img_87256	问弄雪飘枝，无双亭上，何日重游。
img_87257	天外黑风吹海立，浙东飞雨过江来。
img_87258	灞原风雨定，晚见雁行频。
img_87259	谁家秋院无风入？何处秋窗无雨声？
img_87260	边雪藏行径，林风透卧衣。
img_87261	榆柳萧疏楼阁闲，月明直见嵩山雪。
img_87262	驱马天雨雪，军行入高山。
img_87263	今我来思，雨雪载途。
img_87264	雨雪自飞千嶂外，榆林只隔数峰西。
img_87265	迎醉面，暮雪飞花，几点黛愁山暝。
img_87266	何处飞来林间鹊，蹙踏松梢微雪。
img_87267	雪花全似梅花萼。细看不是雪无香，天风吹得香零落。
img_87268	看雪飞苹底芦梢，未如鬓白。
img_87269	昨夜吴中雪，子猷佳兴发。
img_87270	瀚海百重波，阴山千里雪。
img_87271	飞雪带春风，裴回乱绕空。
img_87272	垂钓板桥东，雪压蓑衣冷。
img_87273	微雨如酥，草色遥看近却无。
img_87274	不道愁人不喜听。空阶滴到明。
img_87275	孤灯寒照雨，湿竹暗浮烟。
img_87276	两岸荔枝红，万家烟雨中。
img_87277	山中一夜雨，树杪百重泉。
img_87278	梧桐更兼细雨，到黄昏点点滴滴。
img_87279	闲梦江南梅熟日，夜船吹笛雨萧萧。
img_87280	小雨纤纤风细细，万家杨柳青烟里。
img_87281	雨中百草秋烂死，阶下决明颜色鲜。
img_87282	惊风乱飐芙蓉水，密雨斜侵薜荔墙。
img_87283	画栋朝飞南浦云，珠帘暮卷西山雨。
img_87284	春还草阁梅先动，月满虚庭雪未消。
img_87285	雪似梅花，梅花似雪。
img_87286	夜雪初霁，荠麦弥望。
img_87287	二月春花厌落梅。仙源归路碧桃催。渭城丝雨劝离杯。
img_87288	燕子又将春色去。纱窗一阵黄昏雨。
img_87289	霖雨泥我涂，流潦浩纵横。
img_87290	日日雨不断，愁杀望山人。
img_87291	轻寒细雨情何限。不道春难管。
img_87292	清明时节雨声哗。潮拥渡头沙。
img_87293	水村山馆，夜阑无寐，听尽空阶雨。
img_87294	拆桐花烂熳，乍疏雨洗清明。
img_87295	水涨鱼天拍柳桥。云鸠拖雨过江皋。
img_87296	花过雨。又是一番红素。燕子归来愁不语。
img_87297	小池寒绿欲生漪，雨晴还日西。
img_87298	苍旻霁凉雨，石路无飞尘。
img_87299	和气吹绿野，梅雨洒芳田。
img_87300	雨后轻寒犹未放。春愁酒病成惆怅。
img_87301	豆雨声来，中间夹带风声。
img_87302	岸雨过城头，黄鹂上戍楼。
img_87303	远岫出山催薄暮，细风吹雨弄轻阴。梨花欲谢恐难禁。
img_87304	暮雨忽来鸿雁杳，莽关山一派秋声里。
img_87305	红蓼渡头秋正雨，印沙鸥迹自成行，整鬟飘袖野风香。
img_87306	才过斜阳，又是黄昏雨。
img_87307	恨萧萧无情风雨，夜来揉损琼肌。
img_87308	翠葆参差竹径成。新荷跳雨泪珠倾。曲阑斜转小池亭。
img_87309	雨色秋来寒，风严清江爽。
img_87310	凭画槛，雨洗秋浓人淡。
img_87311	漠漠萧萧，香冻梨花雨。
img_87312	潮打三更瓜步月，雨荒十里红桥火。
img_87313	对秋深，离恨苦，数夜满庭风雨。
img_87314	长水塘南三日雨，菜花香过秀州城。
img_87315	野桥经雨断，涧水向田分。
img_87316	明日客程还几许，沾衣况是新寒雨。
img_87317	雨后双禽来占竹，秋深一蝶下寻花。
img_87318	多谢浣纱人未折，雨中留得盖鸳鸯。
img_87319	雨歇梧桐泪乍收，遣怀翻自忆从头。
img_87320	伏雨朝寒愁不胜，那能还傍杏花行。
img_87321	燕子不曾来，小院阴阴雨。
img_87322	夜来雨横与风狂，断送西园满地香。
img_87323	风雨端阳生晦冥，汨罗无处吊英灵。
img_87324	蜀天常夜雨，江槛已朝晴。
img_87325	年年雪里。常插梅花醉。
img_87326	拨雪寻春，烧灯续昼。
img_87327	雪暗凋旗画，风多杂鼓声。
img_87328	风起。雪飞炎海变清凉。
img_87329	山路元无雨，空翠湿人衣。
img_87330	秋娘渡与泰娘桥，风又飘飘，雨又萧萧。
img_87331	去年五月黄梅雨，曾典袈裟籴米归。
img_87332	寒蝉凄切，对长亭晚，骤雨初歇。
img_87333	女娲炼石补天处，石破天惊逗秋雨。
img_87334	风雨替花愁。风雨罢，花也应休。
img_87335	浮天水送无穷树，带雨云埋一半山。
img_87336	雨声飕飕催早寒，胡雁翅湿高飞难。
img_87337	山下兰芽短浸溪，松间沙路净无泥。潇潇暮雨子规啼。
img_87338	天意怜幽草，人间重晚晴。
img_87339	青箬笠，绿蓑衣，斜风细雨不须归。
img_87340	雨里鸡鸣一两家，竹溪村路板桥斜。
img_87341	明月别枝惊鹊，清风半夜鸣蝉。
img_87342	好风凭借力，送我上青云。
img_87343	怒发冲冠，凭栏处潇潇雨歇。
img_87344	此身合是诗人未？细雨骑驴入剑门。
img_87345	绿遍山原白满川，子规声里雨如烟。
img_87346	清明时节雨纷纷，路上行人欲断魂。
img_87347	黑云翻墨未遮山，白雨跳珠乱入船。
img_87348	水光潋滟晴方好，山色空蒙雨亦奇。
img_87349	殷勤昨夜三更雨，又得浮生一日凉。
img_87350	关山正飞雪，烽火断无烟。
img_87351	少年听雨歌楼上。红烛昏罗帐。
img_87352	七八个星天外，两三点雨山前。
img_87353	飒飒西风满院栽，蕊寒香冷蝶难来。
img_87354	轮台九月风夜吼，一川碎石大如斗，随风满地石乱走。
img_87355	欲黄昏。雨打梨花深闭门。
img_87356	林暗草惊风，将军夜引弓。
img_87357	记当日门掩梨花，翦灯深夜语。
img_87358	音尘绝，西风残照，汉家陵阙。
img_87359	风烟俱净，天山共色。
img_87360	休说鲈鱼堪脍，尽西风，季鹰归未？
img_87361	天苍苍，野茫茫。风吹草低见牛羊。
img_87362	野火烧不尽，春风吹又生。
img_87363	亭亭山上松，瑟瑟谷中风。
img_87364	东风袅袅泛崇光，香雾空蒙月转廊。
img_87365	醉后凉风起，吹人舞袖回。
img_87366	潮平两岸阔，风正一帆悬。
img_87367	昨风一吹无人会，今夜清光似往年。
img_87368	随风潜入夜，润物细无声。
img_87369	大漠风尘日色昏，红旗半卷出辕门。
img_87370	行人刁斗风沙暗，公主琵琶幽怨多。
img_87371	草铺横野六七里，笛弄晚风三四声。
img_87372	凉风起天末，君子意如何。
img_87373	风劲角弓鸣，将军猎渭城。
img_87374	飞花两岸照船红，百里榆堤半日风。
img_87375	风急天高猿啸哀，渚清沙白鸟飞回。
img_87376	西风多少恨，吹不散眉弯。
img_87377	暖风熏得游人醉，直把杭州作汴州。
img_87378	我欲穿花寻路，直入白云深处，浩气展虹霓。
img_87379	吹灯窗更明，月照一天雪。
img_87380	别有根芽，不是人间富贵花。
img_87381	袅袅兮秋风，洞庭波兮木叶下。
img_87382	梅雪争春未肯降，骚人阁笔费评章。
img_87383	今我来思，雨雪霏霏。
img_87384	北风卷地白草折，胡天八月即飞雪。
img_87385	风休住。蓬舟吹取三山去。
img_87386	晚来风起花如雪，飞入宫墙不见人。
img_87387	闹花深处层楼，画帘半卷东风软。
img_87388	闻说东风亦多情，被竹外香留住。
img_87389	黄鸟翩翩杨柳垂，春风送客使人悲。
img_87390	东边日出西边雨，道是无晴却有晴。
img_87391	烟水初销见万家，东风吹柳万条斜。
img_87392	活水源流随处满，东风花柳逐时新。
img_87393	风回小院庭芜绿，柳眼春相续。
img_87394	重阳过后，西风渐紧，庭树叶纷纷。
img_87395	北风吹白云，万里渡河汾。
img_87396	断香残酒情怀恶。西风催衬梧桐落。
img_87397	舟遥遥以轻飏，风飘飘而吹衣。
img_87398	花片片飞风弄蝶，柳阴阴下水平桥。
img_87399	清风徐来，水波不兴。
img_87400	何事春风容不得？和莺吹折数枝花。
img_87401	北风其凉，雨雪其雱。
img_87402	水榭风微玉枕凉。牙床角簟藕花香。
img_87403	香帏风动花入楼，高调鸣筝缓夜愁。
img_87404	春风倚棹阖闾城，水国春寒阴复晴。
img_87405	无人知此意，歌罢满帘风。
img_87406	歌泣不成天已暮，悲风日夜起江生。
img_87407	鸟无声兮山寂寂，夜正长兮风淅淅。
img_87408	昨夜狂风度，吹折江头树。
img_87409	海畔风吹冻泥裂，枯桐叶落枝梢折。
img_87410	烟横水际，映带几点归鸦，东风销尽龙沙雪。
img_87411	风递幽香出，禽窥素艳来。
img_87412	东风动百物，草木尽欲言。
img_87413	东风不管琵琶怨。落花吹遍。
img_87414	春风来不远，只在屋东头。
img_87415	亭上秋风，记去年袅袅，曾到吾庐。
img_87416	泠泠七弦上，静听松风寒。
img_87417	东风吹水日衔山，春来长是闲。
img_87418	世人解听不解赏，长飙风中自来往。
img_87419	南风吹其心，摇摇为谁吐？
img_87420	日月照之何不及此？惟有北风号怒天上来。
img_87421	无限春风来海上。便与春工。染得桃红似肉红。
img_87422	庭前时有东风入，杨柳千条尽向西。
img_87423	天朗气清，惠风和畅
img_87424	长条短叶翠濛濛，才过西风，又过东风。
img_87425	四月南风大麦黄，枣花未落桐叶长。
img_87426	冻风时作，作则飞沙走砾。
img_87427	桃未芳菲杏未红，冲寒先喜笑东风。
img_87428	今日大风寒，寒风摧树木，严霜结庭兰。
img_87429	晓风催我挂帆行，绿涨春芜岸欲平。
img_87430	城外萧萧北风起，城上健儿吹落耳。
img_87431	长风萧萧渡水来，归雁连连映天没。
img_87432	对兹佳品酬佳节，桂拂清风菊带霜。
img_87433	惊沙猎猎风成阵，白雁一声霜有信。
img_87434	芜然蕙草暮，飒尔凉风吹。
img_87435	风絮飘残已化萍，泥莲刚倩藕丝萦。
img_87436	五月天山雪，无花只有寒。
img_87437	有梅无雪不精神，有雪无诗俗了人。
img_87438	白雪却嫌春色晚，故穿庭树作飞花。
img_87439	浮生只合尊前老。雪满长安道。
img_87440	忽如一夜春风来，千树万树梨花开。
img_87441	人生到处知何似，应似飞鸿踏雪泥。
img_87442	风吹柳花满店香，吴姬压酒唤客尝。
img_87443	雪满山中高士卧，月明林下美人来。
img_87444	雁风自劲，云气不上凉天。
img_87445	雨湿花房，风斜燕子，池阁昼长春晚。
img_87446	佳游不可得，春风惜远别。
img_87447	过雨西风，数叶井梧愁舞。
img_87448	昨夜东风入武阳，陌头杨柳黄金色。
img_87449	骚屑西风弄晚寒，翠袖倚阑干。
img_87450	昨夜星辰昨夜风，画楼西畔桂堂东。
img_87451	柴门闻犬吠，风雪夜归人。
img_87452	南风知我意，吹梦到西洲。
img_87453	林花谢了春红，太匆匆。无奈朝来寒雨晚来风。
img_87454	香炉瀑布遥相望，回崖沓嶂凌苍苍。
img_87455	瀑布风前千尺影，疑泻银河一派。
img_87456	东风夜放花千树。更吹落星如雨。
img_87457	移舟去。未成新句。一砚梨花雨。
img_87458	虚空落泉千仞直，雷奔入江不暂息。
img_87459	穿天透地不辞劳，到底方知出处高。
img_87460	海风吹不断，江月照还空。
img_87461	初惊河汉落，半洒云天里。
img_87462	何人解赏西湖好，佳景无时。
img_87463	赠君明月满前溪，直到西湖畔。
img_87464	溪云初起日沉阁，山雨欲来风满楼。
img_87465	飞流直下三千尺，疑是银河落九天。
img_87466	莫向西湖歌此曲，水光山色不胜悲。
img_87467	长记曾携手处，千树压西湖寒碧。
img_87468	春衫犹是，小蛮针线，曾湿西湖雨。
img_87469	天容水色西湖好，云物俱鲜。
img_87470	群芳过后西湖好，狼籍残红。
img_87471	最爱湖东行不足，绿杨阴里白沙堤。
img_87472	毕竟西湖六月中，风光不与四时同。
img_87473	数树梨花，晚风吹堕半汀鹭。
img_87474	长风破浪会有时，直挂云帆济沧海。
img_87475	哀哀父母，生我劳瘁。
img_87476	来时父母知隔生，重著衣裳如送死。
img_87477	雌雄空中鸣，声尽呼不归。
img_87478	父耕原上田，子劚山下荒。
img_87479	父老得书知我在，小轩临水为君开。
img_87480	痴儿不知父子礼，叫怒索饭啼门东。
img_87481	父兮生我，母兮鞠我。
img_87482	儿童散学归来早，忙趁东风放纸鸢。
img_87483	春城无处不飞花，寒食东风御柳斜。
img_87484	雨余溪水掠堤平，闲看村童谢晚晴。
img_87485	小童疑是有村客，急向柴门去却关。
img_87486	夫天地者，万物之逆旅也光阴者，百代之过客也。
img_87487	东风不与周郎便，铜雀春深锁二乔。
img_87488	昔我往矣，杨柳依依。
img_87489	三冬暂就儒生学，千耦还从父老耕。
img_87490	弱龄寄事外，委怀在琴书。
img_87491	历览千载书，时时见遗烈。
img_87492	青山如黛远村东，嫩绿长溪柳絮风。
img_87493	榆柳荫后檐，桃李罗堂前。
img_87494	旧时茅店社林边，路转溪桥忽见。
img_87495	开荒南野际，守拙归园田。
img_87496	湖上春既早，田家日不闲。
img_87497	水满田畴稻叶齐，日光穿树晓烟低。
img_87498	相携及田家，童稚开荆扉。
img_87499	无田似我犹欣舞，何况田间望岁心。
img_87500	高田如楼梯，平田如棋局。
img_87501	小男供饵妇搓丝，溢榼香醪倒接罹。
img_87502	牛群食草莫相触，官家截尔头上角。
img_87503	桑野就耕父，荷锄随牧童。
img_87504	狎浪儿童，横江士女，笑指渔翁一叶轻。
img_87505	兵戈既未息，儿童尽东征。
img_87506	桑柘外秋千女儿，髻双鸦斜插花枝。
img_87507	桑柘影斜春社散，家家扶得醉人归。
img_87508	儿童漫相忆，行路岂知难。
img_87509	重五山村好，榴花忽已繁。
img_87510	驱鸡上树木，始闻叩柴荆。
img_87511	望中酒旆闪闪，一簇烟村，数行霜树。
img_87512	及兹春未深，数亩犹足佃。
img_87513	出耒在明晨，山寒易霜霰。
img_87514	山荒聊可田，钱镈还易办。
img_87515	力田已告成，计日宜收藏。
img_87516	老农家贫在山住，耕种山田三四亩。
img_87517	仓禀无宿储，徭役犹未已。
img_87518	投策命晨装，暂与园田疏。
img_87519	客行野田间，比屋皆闭户。
img_87520	岂知民力艰，颗米皆琳琅。
img_87521	一朝哭都市，泪尽归田亩。
img_87522	重铸锄犁作斤，姑舂妇担去轮官，输官不足归卖屋。
img_87523	看似寻常最奇崛，成如容易却艰辛。
img_87524	少年心事当拿云，谁念幽寒坐呜呃。
img_87525	安能摧眉折腰事权贵，使我不得开心颜！
img_87526	纵被无情弃，不能羞。
img_87527	莎衫筠笠。正是村村农务急。
img_87528	千锤万凿出深山，烈火焚烧若等闲。
img_87529	捐躯赴国难，视死忽如归！
img_87530	造物无言却有情，每于寒尽觉春生。
img_87531	牛靿咤咤，田确确，旱块敲牛蹄趵趵。
img_87532	问汝平生功业，黄州惠州儋州。
img_87533	重冈已隔红尘断，村落更年丰。
img_87534	久废山行疲荦确，尚能村醉舞淋浪。
img_87535	吠犬杂鸣鸡，灯火荧荧归路迷。
img_87536	非学无以广才，非志无以成学。
img_87537	千磨万击还坚劲，任尔东西南北风。
img_87538	少壮不努力，老大徒伤悲！
img_87539	九万里风鹏正举。
img_87540	雄关漫道真如铁，而今迈步从头越。
img_87541	蜀道之难，难于上青天！
img_87542	俱往矣，数风流人物，还看今朝。
img_87543	世上无难事，只要肯登攀。
img_87544	三杯吐然诺，五岳倒为轻。
img_87545	呼童烹鸡酌白酒，儿女嬉笑牵人衣。
img_87546	壮志饥餐胡虏肉，笑谈渴饮匈奴血。
img_87547	嗟险阻，叹飘零。关山万里作雄行。
img_87548	知君惯度祁连城，岂能愁见轮台月。
img_87549	高岸为谷，深谷为陵。
img_87550	诚既勇兮又以武，终刚强兮不可凌。
img_87551	受任于败军之际，奉命于危难之间
img_87552	鞠躬尽瘁，死而后已。
img_87553	此身行作稽山土，犹吊遗踪一泫然。
img_87554	出不入兮往不反，平原忽兮路超远。
img_87555	忧劳可以兴国，逸豫可以亡身
img_87556	莫嫌举世无知己，未有庸人不忌才。
img_87557	男儿西北有神州，莫滴水西桥畔泪。
img_87558	大鹏飞兮振八裔，中天摧兮力不济。
img_87559	莫道谗言如浪深，莫言迁客似沙沉。
img_87560	粉骨碎身全不怕，要留清白在人间。
img_87561	刑天舞干戚，猛志固常在。
img_87562	休言女子非英物，夜夜龙泉壁上鸣。
img_87563	少年辛苦终身事，莫向光阴惰寸功。
img_87564	横眉冷对千夫指，俯首甘为孺子牛。
img_87565	夫君子之行，静以修身，俭以养德。
img_87566	壮心未与年俱老，死去犹能作鬼雄。
img_87567	丹青不知老将至，富贵于我如浮云。
img_87568	不要人夸好颜色，只留清气满乾坤。
img_87569	高山仰止，景行行止。
img_87570	老骥伏枥，志在千里。
img_87571	犯刑若履虎，不畏落爪牙。
img_87572	穷且益坚，不坠青云之志。
img_87573	江东子弟多才俊，卷土重来未可知。
img_87574	生当作人杰，死亦为鬼雄。
img_87575	千淘万漉虽辛苦，吹尽狂沙始到金。
img_87576	咬定青山不放松，立根原在破岩中。
img_87577	一蓑烟雨任平生。
img_87578	寻河愁地尽，过碛觉天低。
img_87579	大鹏一日同风起，扶摇直上九万里。
img_87580	田家占气候，共说此年丰。
img_87581	田舍清明日，家家出火迟。
img_87582	勤苦守恒业，始有数月粮。
img_87583	方惭不耕者，禄食出闾里。
img_87584	卜邻近三径，植果盈千树。
img_87585	鸟衔野田草，误入枯桑里。
img_87586	望断金马门，劳歌采樵路。
img_87587	蚕无夏织桑充寨，田废春耕犊劳军。
img_87588	六月禾未秀，官家已修苍。
img_87589	白水明田外，碧峰出山后。
img_87590	书剑时将晚，丘园日已暮。
img_87591	耕夫召募爱楼船，春草青青万项田
img_87592	不经一番寒彻骨，怎得梅花扑鼻香。
img_87593	持斧伐远扬，荷锄觇泉脉。
img_87594	千层石树遥行路，一带山田放水声。
img_87595	稻根科斗行如块，田水今年一尺宽。
img_87596	五月虽热麦风清，檐头索索缲车鸣。
img_87597	麦收上场绢在轴，的知输得官家足。
img_87598	我见青山多妩媚，料青山见我应如是。
img_87599	西风八九月，积地秋云黄。
img_87600	登车宿迁北，万顷铺琼田。
img_87601	绿桑高下映平川，赛罢田神笑语喧。
img_87602	村北村南，谷雨才耕遍。秀麦连冈桑叶贱。
img_87603	疏篱曲径田家小。云树开清晓。
img_87604	念寒蛩残梦，归鸿心事，那听江村夜笛。
img_87605	田家几日闲，耕种从此起。
img_87606	前村后垄桑柘深，东邻西舍无相侵。
img_87607	厌见千门万户，经过北里南邻。
img_87608	马蹄浓露，鸡声淡月，寂历荒村路。
img_87609	远牧牛，绕村四面禾黍稠。
img_87610	莫辞酒味薄，黍地无人耕。
img_87611	云压西村茅舍重，怕他榾柮同烧。
img_87612	一日官军收海服，驱牛驾车食牛肉，归来攸得牛两角。
img_87613	郭门临渡头，村树连谿口。
img_87614	寂寂柴门村落里，也教插柳记年华。
img_87615	寂寞柴门村落里，也教插柳记年华。
img_87616	桑柘废来犹纳税，田园荒后尚征苗。
img_87617	扁舟一棹归何处？家在江南黄叶村。
img_87618	时见归村人，沙行渡头歇。
img_87619	孤烟村际起，归雁天边去。
img_87620	深村时节好，应为去年丰。
img_87621	花间一壶酒，独酌无相亲。
img_87622	村喜禾花实，峰看岭岫重。
img_87623	黄鸡白酒，君去村社一番秋。
img_87624	村北村南，谷雨才耕遍。
img_87625	水隔淡烟修竹寺，路经疏雨落花村。
img_87626	竹篱茅舍，淡烟衰草孤村。
img_87627	山边幽谷水边村，曾被疏花断客魂。
img_87628	黄叶覆溪桥，荒村唯古木。
img_87629	锦里烟尘外，江村八九家。
img_87630	平沙芳草渡头村。绿遍去年痕。
img_87631	流水孤村，荒城古道。
img_87632	杏树坛边渔父，桃花源里人家。
img_87633	群鸡正乱叫，客至鸡斗争。
img_87634	村北村南布谷忙，村前村后稻花香。
img_87635	荒村带返照，落叶乱纷纷。
img_87636	门外子规啼未休，山村落日梦悠悠。
img_87637	杏花村馆酒旗风。水溶溶。扬残红。
img_87638	人随沙岸向江村，余亦乘舟归鹿门。
img_87639	先生醉也，童子扶者。
img_87640	宁可枝头抱香死，何曾吹落北风中。
img_87641	芄兰之叶，童子佩韘。
img_87642	庭花蒙蒙水泠泠，小儿啼索树上莺。
img_87643	一夜娇啼缘底事，为嫌衣少缕金华。
img_87644	爱向竹栏骑竹马，懒于金地聚金沙。
img_87645	狗吠深巷中，鸡鸣桑树颠。
img_87646	数丛沙草群鸥散，万顷江田一鹭飞。
img_87647	十里西畴熟稻香，槿花篱落竹丝长，垂垂山果挂青黄。
img_87648	两岸人家微雨后，收红豆，树底纤纤抬素手。
img_87649	水绕陂田竹绕篱，榆钱落尽槿花稀。
img_87650	山下孤烟远村，天边独树高原。
img_87651	斜阳照墟落，穷巷牛羊归。
img_87652	田夫荷锄至，相见语依依。
img_87653	倚杖柴门外，临风听暮蝉。
img_87654	时人不识农家苦，将谓田中谷自生。
img_87655	茅檐长扫净无苔，花木成畦手自栽。
img_87656	四海无闲田，农夫犹饿死。
img_87657	久在樊笼里，复得返自然。
img_87658	问余何意栖碧山，笑而不答心自闲。
img_87659	我也不登天子船，我也不上长安眠。
img_87660	青青园中葵，朝露待日晞。
img_87661	箫鼓追随春社近，衣冠简朴古风存。
img_87662	夕阳牛背无人卧，带得寒鸦两两归。
img_87663	从今若许闲乘月，拄杖无时夜叩门。
img_87664	今为羌笛出塞声，使我三军泪如雨。
img_87665	乃知兵者是凶器，圣人不得已而用之。
img_87666	击鼓其镗，踊跃用兵。
img_87667	年年战骨埋荒外，空见蒲桃入汉家。
img_87668	四十三年，望中犹记，烽火扬州路。
img_87669	城头铁鼓声犹震，匣里金刀血未干。
img_87670	莫遣只轮归海窟，仍留一箭射天山。
img_87671	汉兵已略地，四方楚歌声。
img_87672	百战沙场碎铁衣，城南已合数重围。
img_87673	细读离骚还痛饮，饱看修竹何妨肉。
img_87674	传闻一战百神愁，两岸强兵过未休。
img_87675	昼出耘田夜绩麻，村庄儿女各当家。
img_87676	谤书盈箧不复辩，脱身来看江南山。
img_87677	儿大诗书女丝麻，公但读书煮春茶。
img_87678	传屐朝寻药，分灯夜读书。
img_87679	种豆南山下，草盛豆苗稀。
img_87680	万壑有声含晚籁，数峰无语立斜阳。
img_87681	钓罢归来不系船，江村月落正堪眠。
img_87682	军合力不齐，踌躇而雁行。
img_87683	俯视洛阳川，茫茫走胡兵。
img_87684	岁暮远为客，边隅还用兵。
img_87685	汉水东流，都洗尽髭胡膏血。
img_87686	玉门山嶂几千重，山北山南总是烽。
img_87687	匈奴草黄马正肥，金山西见烟尘飞，汉家大将西出师。
img_87688	天时怼兮威灵怒，严杀尽兮弃原野。
img_87689	遗民忍死望恢复，几处今宵垂泪痕。
img_87690	将军角弓不得控，都护铁衣冷难着。
img_87691	起望衣冠神州路，白日销残战骨。
img_87692	城头一片西山月，多少征人马上看。
img_87693	突营射杀呼延将，独领残兵千骑归。
img_87694	不见年年辽海上，文章何处哭秋风？
img_87695	客子过壕追野马，将军韬箭射天狼。
img_87696	四边伐鼓雪海涌，三军大呼阴山动。
img_87697	天涯静处无征战，兵气销为日月光。
img_87698	野旷天清无战声，四万义军同日死。
img_87699	卷旗夜劫单于帐，乱斫胡儿缺宝刀。
img_87700	挽弓当挽强，用箭当用长。
img_87701	我醉君复乐，陶然共忘机。
img_87702	军气横大荒，战酣日将入。
img_87703	悠悠卷旆旌，饮马出长城。
img_87704	鼙鼓动时雷隐隐，兽头凌处雪微微。
img_87705	汉甲连胡兵，沙尘暗云海。
img_87706	纷披乍依迥，掣曳或随风。
img_87707	风引龙虎旗，歌钟昔追攀。
img_87708	海上千烽火，沙中百战场。
img_87709	霾两轮兮絷四马，援玉枹兮击鸣鼓。
img_87710	凌余阵兮躐余行，左骖殪兮右刃伤。
img_87711	铁马云雕久绝尘，柳营高压汉营春。
img_87712	盘飧市远无兼味，樽酒家贫只旧醅。
img_87713	马嘶经战地，雕认打围山。
img_87714	虏骑闻之应胆慑，料知短兵不敢接，车师西门伫献捷。
img_87715	君王游乐万机轻，一曲霓裳四海兵。
img_87716	集中什九从军乐，亘古男儿一放翁。
img_87717	万里云间戍，立马剑门关。
img_87718	和戎诏下十五年，将军不战空临边。
img_87719	将军金甲夜不脱，半夜军行戈相拨，风头如刀面如割。
img_87720	支离东北风尘际，漂泊西南天地间。
img_87721	此日六军同驻马，当时七夕笑牵牛。
img_87722	夜战桑乾北，秦兵半不归。
img_87723	棠梨叶落胭脂色，荞麦花开白雪香。
img_87724	白骨露於野，千里无鸡鸣。
img_87725	霜草苍苍虫切切，村南村北行人绝。
img_87726	闻道黄龙戍，频年不解兵。
img_87727	上马击狂胡，下马草军书。
img_87728	树绕村庄，水满陂塘。
img_87729	相顾无相识，长歌怀采薇。
img_87730	应怜屐齿印苍苔，小扣柴扉久不开。
img_87731	茅檐低小，溪上青青草。
img_87732	绿树村边合，青山郭外斜。
img_87733	莫笑农家腊酒浑，丰年留客足鸡豚。
img_87734	一去二三里，烟村四五家。
img_87735	车辚辚，马萧萧，行人弓箭各在腰。
img_87736	少无适俗韵，性本爱丘山。
img_87737	壮岁旌旗拥万夫，锦襜突骑渡江初。
img_87738	恸哭六军俱缟素，冲冠一怒为红颜。
img_87739	年少万兜鍪，坐断东南战未休。
img_87740	明敕星驰封宝剑，辞君一夜取楼兰。
img_87741	烽火照西京，心中自不平。
img_87742	落日照大旗，马鸣风萧萧。
img_87743	八百里分麾下炙，五十弦翻塞外声。
img_87744	白日登山望烽火，黄昏饮马傍交河。
img_87745	一年三百六十日，多是横戈马上行。
img_87746	簌簌衣巾落枣花，村南村北响缫车，牛衣古柳卖黄瓜。
img_87747	胜败兵家事不期，包羞忍耻是男儿。
img_87748	战士军前半死生，美人帐下犹歌舞。
img_87749	马作的卢飞快，弓如霹雳弦惊。
img_87750	黑云压城城欲摧，甲光向日金鳞开。
img_87751	一身转战三千里，一剑曾当百万师。
img_87752	醉里挑灯看剑，梦回吹角连营。
img_87753	可怜无定河边骨，犹是春闺梦里人。
img_87754	二客东南名胜，万卷诗书事业，尝试与君谋。
img_87755	因依老宿发心初，半学修心半读书。
img_87756	灯前目力虽非昔，犹课蝇头二万言。
img_87757	我闭南楼看道书，幽帘清寂在仙居。
img_87758	灯火纸窗修竹里，读书声。
img_87759	学而时习之，不亦说乎？
img_87760	李杜诗篇万口传，至今已觉不新鲜。
img_87761	金鞍玉勒寻芳客，未信我庐别有春。
img_87762	鸡声茅店月，人迹板桥霜。
img_87763	安居不用架高堂，书中自有黄金屋。
img_87764	读书不作儒生酸，跃马西入金城关。
img_87765	眼前直下三千字，胸次全无一点尘。
img_87766	人学始知道，不学非自然。
img_87767	坑灰未冷山东乱，刘项原来不读书。
img_87768	归志宁无五亩园，读书本意在元元。
img_87769	娶妻莫恨无良媒，书中自有颜如玉。
img_87770	昨日邻家乞新火，晓窗分与读书灯。
img_87771	书当快意读易尽，客有可人期不来。
img_87772	弱冠弄柔翰，卓荦观群书。
img_87773	一日不读书，胸臆无佳想。
img_87774	奇文共欣赏，疑义相与析。
img_87775	清水出芙蓉，天然去雕饰。
img_87776	一月不读书，耳目失精爽。
img_87777	富贵必从勤苦得，男儿须读五车书。
img_87778	半亩方塘一鉴开，天光云影共徘徊。
img_87779	读书破万卷，下笔如有神。
img_87780	桃红复含宿雨，柳绿更带朝烟。
img_87781	娶妻无媒毋须恨，书中有女颜如玉。
img_87782	三更灯火五更鸡，正是男儿读书时。
img_87783	黑发不知勤学早，白首方悔读书迟。
img_87784	新丰美酒斗十千，咸阳游侠多少年。
img_87785	去年元夜时，花市灯如昼。
img_87786	世事一场大梦，人生几度秋凉？
img_87787	终罢斯结庐，慕陶直可庶。
img_87788	统豺虎，御边幅，号令明，军威肃。
img_87789	种竹淇园远致君，生平孤节负辛勤。
img_87790	更愿诸公著意，休教忘了中原。
img_87791	望天王降诏，早招安，心方足。
img_87792	山一程，水一程，身向榆关那畔行，夜深千帐灯。
img_87793	桐花万里丹山路，雏凤清于老凤声。
img_87794	誓将挂冠去，觉道资无穷。
img_87795	能令暂开霁，过是吾无求。
img_87796	何时诏此金钱会，暂醉佳人锦瑟旁。
img_87797	良辰当五日，偕老祝千年。
img_87798	迢递嵩高下，归来且闭关。
img_87799	生事且弥漫，愿为持竿叟。
img_87800	我欲乘槎，直穷银汉，问津深入。
img_87801	但从今记取楚楼风，裴台月。
img_87802	尔曹身与名俱灭，不废江河万古流。
img_87803	松树千年终是朽，槿花一日自为荣。
img_87804	行人莫问当年事，故国东来渭水流。
img_87805	枕上十年事，江南二老忧，都到心头。
img_87806	今朝有酒今朝醉，明日愁来明日愁。
img_87807	乡村四月闲人少，才了蚕桑又插田。
img_87808	当年得意如芳草。日日春风好。
img_87809	载酒买花年少事，浑不似，旧心情。
img_87810	章台柳，章台柳，昔日青青今在否？
img_87811	繁华事散逐香尘，流水无情草自春。
img_87812	浮生长恨欢娱少。
img_87813	人事有代谢，往来成古今。
img_87814	春花秋月何时了？往事知多少。
img_87815	白日何短短，百年苦易满。
img_87816	古人学问无遗力，少壮工夫老始成。
img_87817	一曲新词酒一杯，去年天气旧亭台。
img_87818	白发渔樵江渚上，惯看秋月春风。
img_87819	此去经年，应是良辰好景虚设。
img_87820	晚年唯好静，万事不关心。
img_87821	二十余年如一梦，此身虽在堪惊。
img_87822	人生亦有命，安能行叹复坐愁？
img_87823	背灯和月就花阴，已是十年踪迹十年心。
img_87824	博观而约取，厚积而薄发
img_87825	古今多少事，都付笑谈中。
img_87826	生年不满百，常怀千岁忧。
img_87827	世事浮云何足问，不如高卧且加餐。
img_87828	人生在世不称意，明朝散发弄扁舟。
img_87829	人生如寄，何事辛苦怨斜晖。
img_87830	而浮生若梦，为欢几何？
img_87831	欲穷千里目，更上一层楼。
img_87832	神龟虽寿，犹有竟时。
img_87833	休言万事转头空，未转头时皆梦。
img_87834	得即高歌失即休，多愁多恨亦悠悠。
img_87835	六曲阑干偎碧树，杨柳风轻，展尽黄金缕。
img_87836	人间梦隔西风，算天上年华一瞬。
img_87837	假金方用真金镀，若是真金不镀金。
img_87838	横看成岭侧成峰，远近高低各不同。
img_87839	九月寒砧催木叶，十年征戍忆辽阳。
img_87840	陌上深深，依旧年时辙。
img_87841	兴亡千古繁华梦，诗眼倦天涯。
img_87842	九日明朝酒香，一年好景橙黄。
img_87843	亦知合被才名折，二十三年折太多。
img_87844	今年元夜时，月与灯依旧。
img_87845	天时人事日相催，冬至阳生春又来。
img_87846	莫等闲，白了少年头，空悲切！
img_87847	明日隔山岳，世事两茫茫。
img_87848	明年岂无年，心事恐蹉跎。
img_87849	寄语东阳沽酒市，拼一醉，而今乐事他年泪。
img_87850	叹隙中驹，石中火，梦中身。
img_87851	万物静观皆自得，四时佳兴与人同。
img_87852	大凡物不得其平则鸣
img_87853	金玉其外，败絮其中
img_87854	世有伯乐，然后有千里马。千里马常有，而伯乐不常有。
img_87855	华灯纵博，雕鞍驰射，谁记当年豪举。
img_87856	问讯湖边春色，重来又是三年。
img_87857	慷慨十年长剑在，登楼一笑暮山横。
img_87858	日月忽其不淹兮，春与秋其代序。
img_87859	为问山翁何事，坐看流年轻度，拚却鬓双华。
img_87860	昔年多病厌芳尊，今日芳尊惟恐浅。
img_87861	旋开旋落旋成空，白发多情人更惜。
img_87862	流年莫虚掷，华发不相容。
img_87863	今年海角天涯。萧萧两鬓生华。
img_87864	而今灯漫挂。不是暗尘明月，那时元夜。
img_87865	不知天上宫阙，今夕是何年。
img_87866	凄凉宝剑篇，羁泊欲穷年。
img_87867	碧海年年，试问取冰轮为谁圆缺？
img_87868	碧野朱桥当日事，人不见，水空流。
img_87869	不戚戚于贫贱，不汲汲于富贵。
img_87870	三年羁旅客，今日又南冠。
img_87871	天涯海角悲凉地，记得当年全盛时。
img_87872	绝景良时难再并，他年此日应惆怅。
img_87873	不知何日始工愁。记取那回花下一低头。
img_87874	他人有心，予忖度之。
img_87875	清镜无双影，穷泉有几重。
img_87876	山高月小，水落石出
img_87877	器乏雕梁器，材非构厦材。
img_87878	庭轩寂寞近清明，残花中酒，又是去年病。
img_87879	临水一长啸，忽思十年初。
img_87880	沧浪之水清兮，可以濯我缨
img_87881	可惜流年，忧愁风雨，树犹如此！
img_87882	献赋十年犹未遇，羞将白发对华簪。
img_87883	冉冉年时暮，迢迢天路征。
img_87884	当年志气俱消尽，白发新添四五茎。
img_87885	凤林关里水东流，白草黄榆六十秋。
img_87886	不是暗尘明月，那时元夜。
img_87887	桃今百馀尺，花落成枯枝。
img_87888	满腹诗书漫古今，频年流落易伤心。
img_87889	叹流年又成虚度。
img_87890	芳草年年惹恨幽。想前事悠悠。
img_87891	听元宵，往岁喧哗，歌也千家，舞也千家。
img_87892	记得别伊时，桃花柳万丝。
img_87893	已忍伶俜十年事，强移栖息一枝安。
img_87894	忆年十五心尚孩，健如黄犊走复来。
img_87895	关河底事空留客？岁月无情不贷人。
img_87896	萋萋春草秋绿，落落长松夏寒。
img_87897	不似当时，小桥冲雨，幽恨两人知。
img_87898	黄金燃桂尽，壮志逐年衰。
img_87899	明朝寒食了，又是一年春。
img_87900	一自胡尘入汉关，十年伊洛路漫漫。
img_87901	催促年光，旧来流水知何处。
img_87902	骚人可煞无情思，何事当年不见收。
img_87903	铜壶漏报天将晓，惆怅佳期又一年。
img_87904	前年过代北，今岁往辽西。
img_87905	十年重见，依旧秀色照清眸。
img_87906	昔岁逢太平，山林二十年。
img_87907	去年折赠行人远，今年恨依然纤手。
img_87908	儿女已在眼，眉目略不省。
img_87909	玉梅消瘦，恨东皇命薄。
img_87910	北客翩然，壮心偏感，年华将暮。
img_87911	叹年光过尽，功名未立，书生老去，机会方来。
img_87912	年去年来白发新，匆匆马上又逢春。
img_87913	记得年时，相见画屏中。
img_87914	经年尘土满征衣，特特寻芳上翠微。
img_87915	顺风而呼，声非加疾也，而闻者彰。
img_87916	龟灵未免刳肠患，马失应无折足忧。
img_87917	行人莫便消魂去，汉渚星桥尚有期。
img_87918	文章合为时而著，歌诗合为事而作。
img_87919	泻水置平地，各自东西南北流。
img_87920	今人嗤点流传赋，不觉前贤畏后生。
img_87921	不鸣则已，一鸣惊人。
img_87922	祸患常积于忽微，而智勇多困于所溺
img_87923	鸟飞反故乡兮，狐死必首丘。
img_87924	昨日屋头堪炙手，今朝门外好张罗。
img_87925	昔叹当年无李牧，今知江左有夷吾。
img_87926	虑澹物自轻，意惬理无违。
img_87927	年华共，混同江水，流去几时回。
img_87928	年年游子惜余春，春归不解招游子。
img_87929	念去来岁月如流，徘徊久叹息愁思盈。
img_87930	三年遇寒食，尽在洛阳城。
img_87931	凭觞静忆去年秋，桐落故溪头。
img_87932	年时俯仰过，功名宜速崇。
img_87933	记少年骏马走韩卢，掀东郭。
img_87934	楼台处处迷芳草，风雨年年怨落花。
img_87935	命随年欲尽，身与世俱忘
img_87936	误落尘网中，一去三十年。
img_87937	鹤发垂肩尺许长，离家三十五端阳。
img_87938	凭阑半日独无言，依旧竹声新月似当年。
img_87939	三过平山堂下，半生弹指声中。
img_87940	来岁花前。又是今年忆去年。
img_87941	叹十年心事，休休莫莫。
img_87942	冉冉年华吾自老。水满汀洲，何处寻芳草。
img_87943	携来百侣曾游，忆往昔峥嵘岁月稠。
img_87944	人恒过然后能改，困于心衡于虑而后作，征于色，发于声，而后喻。
img_87945	蜗角虚名，蝇头微利，算来著甚干忙。
img_87946	工欲善其事，必先利其器。
img_87947	朝真暮伪何人辨，古往今来底事无。
img_87948	问渠那得清如许？为有源头活水来。
img_87949	杀人亦有限，列国自有疆。
img_87950	积土成山，风雨兴焉积水成渊，蛟龙生焉
img_87951	予独爱莲之出淤泥而不染，濯清涟而不妖
img_87952	日出入安穷？时世不与人同。
img_87953	它山之石，可以攻玉。
img_87954	鬓丝日日添白头，榴锦年年照眼明
img_87955	壮年何事憔悴，华发改朱颜。
img_87956	忆昔西池池上饮，年年多少欢娱。
img_87957	去时梅萼初凝粉。不觉小桃风力损。
img_87958	寒泉贮绀壶渐暖，年事对青灯惊换了。
img_87959	为当时曾写榴裙，伤心红绡褪萼。
img_87960	惟有年时芳俦在，一例差池双剪。
img_87961	运往无淹物，年逝觉已催。
img_87962	今岁今宵尽，明年明日催。
img_87963	游人记得承平事，暗喜风光似昔年。
img_87964	朽木不可雕也，粪土之墙不可圬也！
img_87965	抽刀断水水更流，举杯销愁愁更愁。
img_87966	日出扶桑一丈高，人间万事细如毛。
img_87967	最是繁丝摇落后，转教人忆春山。
img_87968	且趁闲身未老，尽放我些子疏狂。
img_87969	用舍由时，行藏在我，袖手何妨闲处看。
img_87970	人而无仪，不死何为？
img_87971	望云惭高鸟，临水愧游鱼。
img_87972	不用思量今古，俯仰昔人非。
img_87973	惠子曰子非鱼，安知鱼之乐？
img_87974	本来无一物，何处惹尘埃！
img_87975	如切如磋，如琢如磨。
img_87976	来如春梦几多时？去似朝云无觅处。
img_87977	天覆吾，地载吾，天地生吾有意无。
img_87978	靡不有初，鲜克有终。
img_87979	别有幽愁暗恨生，此时无声胜有声。
img_87980	先天下之忧而忧，后天下之乐而乐
img_87981	是非成败转头空。
img_87982	冰，水为之，而寒于水。
img_87983	落地为兄弟，何必骨肉亲！
img_87984	问君何能尔？心远地自偏。
img_87985	文章本天成，妙手偶得之。
img_87986	此中有真意，欲辨已忘言。
img_87987	春种一粒粟，秋收万颗子。
img_87988	昼短苦夜长，何不秉烛游！
img_87989	清江一曲柳千条，二十年前旧板桥。
img_87990	想乌衣年少，芝兰秀发，戈戟云横。
img_87991	但屈指西风几时来，又不道流年暗中偷换。
img_87992	有花堪折直须折，莫待无花空折枝。
img_87993	明日复明日，明日何其多。
img_87994	世界微尘里，吾宁爱与憎。
img_87995	行路难，不在水，不在山，只在人情反覆间。
img_87996	纵浪大化中，不喜亦不惧。
img_87997	古人今人若流水，共看明月皆如此。
img_87998	家国兴亡自有时，吴人何苦怨西施。
img_87999	衰兰送客咸阳道，天若有情天亦老。
img_88000	非淡泊无以明志，非宁静无以致远。
img_88001	人生无根蒂，飘如陌上尘。
img_88002	居高声自远，非是藉秋风。
img_88003	花开堪折直须折，莫待无花空折枝。
img_88004	问渠哪得清如许？为有源头活水来。
img_88005	若言琴上有琴声，放在匣中何不鸣？
img_88006	时来天地皆同力，运去英雄不自由。
img_88007	人生得意须尽欢，莫使金樽空对月。
img_88008	人生天地间，忽如远行客。
img_88009	莫道桑榆晚，为霞尚满天。
img_88010	彼此当年少，莫负好时光。
img_88011	莫笑贱贫夸富贵，共成枯骨两何如？
img_88012	凭君莫话封侯事，一将功成万骨枯。
img_88013	天生我材必有用，千金散尽还复来。
img_88014	一点浩然气，千里快哉风。
img_88015	草木有本心，何求美人折！
img_88016	长恨人心不如水，等闲平地起波澜。
img_88017	离离原上草，一岁一枯荣。
img_88018	试玉要烧三日满，辨材须待七年期。
img_88019	江山代有才人出，各领风骚数百年。
img_88020	万一禅关砉然破，美人如玉剑如虹。
img_88021	想当年，金戈铁马，气吞万里如虎。
img_88022	劝君莫惜花前醉，今年花谢，明年花谢，白了人头。
img_88023	自是人生长恨水长东。
img_88024	宣父犹能畏后生，丈夫未可轻年少。
img_88025	万物迎春送残腊，一年结局在今宵。
img_88026	少年易老学难成，一寸光阴不可轻。
img_88027	锦瑟无端五十弦，一弦一柱思华年。
img_88028	世事漫随流水，算来一梦浮生。
img_88029	十年磨一剑，霜刃未曾试。
img_88030	何日请缨提锐旅，一鞭直渡清河洛。
img_88031	紫泉宫殿锁烟霞，欲取芜城作帝家。
img_88032	游说万乘苦不早，著鞭跨马涉远道。
img_88033	激气已能驱粉黛，举杯便可吞吴越。
img_88034	何计长来此，闲眠过一生。
img_88035	看万山红遍，层林尽染漫江碧透，百舸争流。
img_88036	登鸾车，侍轩辕，遨游青天中，其乐不可言。
img_88037	疾风知劲草，板荡识诚臣。
img_88038	亦余心之所善兮，虽九死其犹未悔。
img_88039	待何年归去，谈笑各争雄。
img_88040	少小虽非投笔吏，论功还欲请长缨。
img_88041	一丈夫兮一丈夫，千生气志是良图。
img_88042	五岳寻仙不辞远，一生好入名山游。
img_88043	永忆江湖归白发，欲回天地入扁舟。
img_88044	致君尧舜上，再使风俗淳。
img_88045	万里不惜死，一朝得成功。
img_88046	丈夫志四海，万里犹比邻。
img_88047	少年侠气，交结五都雄。
img_88048	我报路长嗟日暮，学诗谩有惊人句。
img_88049	愿天上人间，占得欢娱，年年今夜。
img_88050	清谈可以饱，梦想接无由。
img_88051	宁为百夫长，胜作一书生。
img_88052	提出西方白帝惊，嗷嗷鬼母秋郊哭。
img_88053	明朝甑复空，母子相持哭。
img_88054	当时父母念，今日尔应知。
img_88055	十五彩衣年，承欢慈母前。
img_88056	有孙母未去，出入无完裙。
img_88057	人似秋鸿来有信，事如春梦了无痕。
img_88058	守节自誓，亲诲之学。
img_88059	喃喃教言语，一一刷毛衣。
img_88060	思尔为雏日，高飞背母时。
img_88061	辛勤三十日，母瘦雏渐肥。
img_88062	老母与子别，呼天野草间。
img_88063	长恨此身非我有，何时忘却营营。
img_88064	霜殒芦花泪湿衣，白头无复倚柴扉。
img_88065	母别子，子别母，白日无光哭声苦。
img_88066	慈母倚门情，游子行路苦。
img_88067	谁言寸草心，报得三春晖。
img_88068	爱子心无尽，归家喜及辰。
img_88069	万事到头都是梦，休休。明日黄花蝶也愁。
img_88070	十年一觉扬州梦，赢得青楼薄幸名。
img_88071	年年岁岁花相似，岁岁年年人不同。
img_88072	三五年时三五月，可怜杯酒不曾消。
img_88073	粗缯大布裹生涯，腹有诗书气自华。
img_88074	时人不识凌云木，直待凌云始道高。
img_88075	人间有味是清欢。
img_88076	纸上得来终觉浅，绝知此事要躬行。
img_88077	众里寻他千百度，蓦然回首，那人却在，灯火阑珊处。
img_88078	知我者，谓我心忧不知我者，谓我何求。
img_88079	近水楼台先得月，向阳花木易为春。
img_88080	菩提本无树，明镜亦非台。
img_88081	万事一身伤老矣，戎葵凝笑墙东。
img_88082	泥落画梁空，梦想青春语。
img_88083	渐老多忧百事忙，天寒日短更心伤。
img_88084	到家应是，童稚牵衣，笑我华颠。
img_88085	壮岁从戎，曾是气吞残虏。
img_88086	幽兰旋老，杜若还生，水乡尚寄旅。
img_88087	青春几何时，黄鸟鸣不歇。
img_88088	乍见翻疑梦，相悲各问年。
img_88089	岁暮锄犁傍空室，呼儿登山收橡实。
img_88090	野老念牧童，倚杖候荆扉。
img_88091	怪见溪童出门望，雀声先我到山家。
img_88092	丈夫志，当景盛，耻疏闲。
img_88093	谁念迁客归来，老大伤名节。
img_88094	鬓发已甘尘路白，菊花犹送塞垣黄。
img_88095	斜阳外，寒鸦万点，流水绕孤村。
img_88096	百岁落半途，前期浩漫漫。
img_88097	歌舞尊前，繁华镜里，暗换青青发。
img_88098	吟怀未许老重阳，霜雪无端入鬓长。
img_88099	欲系青春，少住春还去。
img_88100	芙蓉老秋霜，团扇羞网尘。
img_88101	头上尽教添白发，鬓边不可无黄菊。
img_88102	早知恁么。悔当初不把雕鞍锁。
img_88103	半夜呼儿趁晓耕，羸牛无力渐艰行。
img_88104	竹马踉蹡冲淖去，纸鸢跋扈挟风鸣。
img_88105	慈母手中线，游子身上衣。
img_88106	白头空负雪边春，着意问春春不语。
img_88107	狎兴生疏，酒徒萧索，不似少年时。
img_88108	正单衣试酒，恨客里光阴虚掷。
img_88109	射人先射马，擒贼先擒王。
img_88110	却将万字平戎策，换得东家种树书。
img_88111	山重水复疑无路，柳暗花明又一村。
img_88112	如今却忆江南乐，当时年少春衫薄。
img_88113	旧游无处不堪寻。无寻处，惟有少年心。
img_88114	少年易老学难成，一寸光阴不可轻。
img_88115	世事短如春梦，人情薄似秋云。
img_88116	青春须早为，岂能长少年。
img_88117	草木也知愁，韶华竟白头。
img_88118	谁道人生无再少？门前流水尚能西！休将白发唱黄鸡。
img_88119	诗酒趁年华。
img_88120	人生如逆旅，我亦是行人。
img_88121	及时当勉励，岁月不待人。
img_88122	盛年不重来，一日难再晨。
img_88123	莫见长安行乐处，空令岁月易蹉跎。
img_88124	欲买桂花同载酒，终不似，少年游。
img_88125	酒债寻常行处有，人生七十古来稀。
img_88126	袨服华妆着处逢，六街灯火闹儿童。
img_88127	见面怜清瘦，呼儿问苦辛。
img_88128	童子柳阴眠正着，一牛吃过柳阴西。
img_88129	见人初解语呕哑，不肯归眠恋小车。
img_88130	青山依旧在，几度夕阳红。
img_88131	儿童强不睡，相守夜欢哗。
img_88132	季子正年少，匹马黑貂裘。
img_88133	小儿呼叫走长街，云有痴呆召人买。
img_88134	绕池闲步看鱼游，正值儿童弄钓舟。
img_88135	去日儿童皆长大，昔年亲友半凋零。
img_88136	牛羊自归村巷，童稚不识衣冠。
img_88137	骑牛远远过前村，短笛横吹隔陇闻。
img_88138	花落家童未扫，莺啼山客犹眠。
img_88139	一叶渔船两小童，收篙停棹坐船中。
img_88140	路人借问遥招手，怕得鱼惊不应人。
img_88141	儿童相见不相识，笑问客从何处来。
img_88142	十年种木，一年种谷，都付儿童。
img_88143	韶华不为少年留，恨悠悠，几时休？
img_88144	归来饱饭黄昏后，不脱蓑衣卧月明。
img_88145	重重叠叠上瑶台，几度呼童扫不开。
img_88146	夜饮东坡醒复醉，归来仿佛三更。家童鼻息已雷鸣。
img_88147	牧童归去横牛背，短笛无腔信口吹。
img_88148	劝君莫惜金缕衣，劝君惜取少年时。
img_88149	童孙未解供耕织，也傍桑阴学种瓜。
img_88150	童子解吟长恨曲，胡儿能唱琵琶篇。
img_88151	松下问童子，言师采药去。
img_88152	大儿锄豆溪东，中儿正织鸡笼。
img_88153	牧童骑黄牛，歌声振林樾。
img_88154	儿童急走追黄蝶，飞入菜花无处寻。
img_88155	自闻颖师弹，起坐在一旁。
img_88156	偶应非熊兆，尊为帝者师。
img_88157	摇落深知宋玉悲，风流儒雅亦吾师。
img_88158	令公桃李满天下，何用堂前更种花。
img_88159	小娃撑小艇，偷采白莲回。
img_88160	知有儿童挑促织，夜深篱落一灯明。
img_88161	最喜小儿亡赖，溪头卧剥莲蓬。
img_88162	海棠枝上立多时，飞向小桥西畔去。
img_88163	曲终过尽松陵路，回首烟波十四桥。
img_88164	蓬头稚子学垂纶，侧坐莓苔草映身。
img_88165	霭芳阴未解，乍天气过元宵。
img_88166	见说马家滴粉好，试灯风里卖元宵。
img_88167	镜中已觉星星误。人不负春春自负。
img_88168	伊川桃李正芳新，寒食山中酒复春。
img_88169	寒食不多时，牡丹初卖。
img_88170	流水翻催泪，寒灰更伴人。
img_88171	内官初赐清明火，上相闲分白打钱。
img_88172	新秋逢闰，鹊桥重驾，两度人间乞巧。
img_88173	又说今夕天津，西畔重欢遇。
img_88174	千家闭户无砧杵，七夕何人望斗牛。
img_88175	对望中天地，洞然如刷。
img_88176	古来存老马，不必取长途。
img_88177	叠嶂西驰，万马回旋，众山欲东。
img_88178	此马非凡马，房星本是星。
img_88179	渡江天马南来，几人真是经纶手。
img_88180	归时休放烛光红，待踏马蹄清夜月。
img_88181	时有官船桥畔过，白鸥飞去落前滩。
img_88182	河桥送人处，凉夜何其。
img_88183	短长亭子短长桥，桥外垂杨一万条。
img_88184	上苑风烟好，中桥道路平。
img_88185	情共天涯秋黯，朱桥锁深巷。
img_88186	自别西风憔悴甚，冻云流水平桥。
img_88187	青溪水，流得到红桥。
img_88188	门外平桥连柳堤，归来晚树黄莺啼。
img_88189	郎到断桥须有路，侬住处，柳如金。
img_88190	门外垂杨岸侧，画桥谁系兰舟。
img_88191	莫道蓝桥路远，行云中隔幽坊。
img_88192	两岸月桥花半吐。红透肌香，暗把游人误。
img_88193	襄阳古道灞陵桥，诗兴与秋高。
img_88194	公子南桥应尽兴，将军西第几留宾。
img_88195	小桥横截，缺月初弓。
img_88196	危桥属幽径，缭绕穿疏林。
img_88197	念月榭携手，露桥闻笛。
img_88198	绿阴青子老溪桥。羞见东邻娇小。
img_88199	酹酒苍茫，倚歌平远，亭上玉虹腰冷。
img_88200	接叶巢莺，平波卷絮，断桥斜日归船。
img_88201	还背垂虹秋去，四桥烟雨，一宵歌酒。
img_88202	杨柳千条送马蹄，北来征雁旧南飞。
img_88203	碧溪影里小桥横，青帘市上孤烟起。
img_88204	马穿杨柳嘶，人倚秋千笑，探莺花总教春醉倒。
img_88205	赌胜马蹄下，由来轻七尺。
img_88206	人依远戍须看火，马踏深山不见踪。
img_88207	燕子来时新社，梨花落后清明。
img_88208	驻马桥西，还系旧时芳树。
img_88209	满隄芳草不成归，斜日画桥烟水冷。
img_88210	吴台直下，缃梅无限，未放野桥香度。
img_88211	花开深洞仙门小，路过悬桥羽节轻。
img_88212	笑拈芳草不知名，乍凌波断桥西堍。
img_88213	红桥路，正一派画船萧鼓中流住。
img_88214	迳直夫何细！桥危可免扶？
img_88215	槐柳野桥边，行尘暗马前。
img_88216	伫久河桥欲去，斜阳泪满。
img_88217	恐凤靴，挑菜归来，万一灞桥相见。
img_88218	借问酒家何处有？牧童遥指杏花村。
img_88219	回头流水小桥东，烟扫画楼出。
img_88220	琅琅新雨洗湖天，小景六桥边。
img_88221	波上马嘶看棹去，柳边人歇待船归。
img_88222	胡风吹代马，北拥鲁阳关。
img_88223	细草软沙溪路马蹄轻。
img_88224	君马黄，我马白。
img_88225	门前行乐客，白马嘶春色。
img_88226	乘我大宛马，抚我繁弱弓。
img_88227	屈盘戏白马，大笑上青山。
img_88228	五马如飞龙，青丝结金络。
img_88229	塞上秋风鼓角，城头落日旌旗。少年鞍马适相宜。
img_88230	照野旌旗，朝天车马，平沙万里天低。
img_88231	甚时跃马归来，认得迎门轻笑。
img_88232	单于北望拂云堆，杀马登坛祭几回。
img_88233	极目离离，遍地濛濛，官桥野塘。
img_88234	沽酒清阴时系马，招凉短槛几留题。
img_88235	青衫匹马万人呼，幕府当年急急符。
img_88236	晚春盘马踏青苔，曾傍绿阴深驻。
img_88237	此时却羡闲人醉，五马无由入酒家。
img_88238	闻道长安灯夜好，雕轮宝马如云。
img_88239	黄衫飞白马，日日青楼下。
img_88240	息徒兰圃，秣马华山。
img_88241	金络青骢白玉鞍，长鞭紫陌野游盘。
img_88242	马萧萧，人去去，陇云愁。
img_88243	白马金羁辽海东，罗帷绣被卧春风。
img_88244	朱门沉沉按歌舞，厩马肥死弓断弦。
img_88245	牧人驱犊返，猎马带禽归。
img_88246	铁衣霜露重，战马岁年深。
img_88247	龙马花雪毛，金鞍五陵豪。
img_88248	马影鸡声，谙尽倦邮荒馆。
img_88249	汉家天马出蒲梢，苜蓿榴花遍近郊。
img_88250	初报边烽照石头，旋闻胡马集瓜州。
img_88251	马骄泥软锦连乾，香袖半笼鞭。
img_88252	居庸关上子规啼，饮马流泉落日低。
img_88253	五原秋草绿，胡马一何骄。
img_88254	天马徕，龙之媒，游阊阖，观玉台。
img_88255	马嘶人散后，秋风换故园梦里。
img_88256	记得短亭归马，暮衙蜂闹。
img_88257	白马黄金塞，云砂绕梦思。
img_88258	却恨悲风时起，冉冉云间新雁，边马怨胡笳。
img_88259	此地朝来饯行者，翻向此中牧征马。
img_88260	公乎跃马扬玉鞭，灭没高蹄日千里。
img_88261	黄河曲里沙为岸，白马津边柳向城。
img_88262	辔压马头金错落，鞍笼驼背锦斓班。
img_88263	枥马苦踡跼，笼禽念遐征。
img_88264	征马分飞日渐斜，见此空为人所嗟。
img_88265	马蹀阏氏血，旗袅可汗头。
img_88266	霸图今已矣，驱马复归来。
img_88267	其余七匹亦殊绝，迥若寒空动烟雪。
img_88268	交河城边鸟飞绝，轮台路上马蹄滑。
img_88269	相逢处，自有暗尘随马。
img_88270	马嘶芳草远，高搂帘半掩。
img_88271	白马谁家子，黄龙边塞儿。
img_88272	匹马南来渡浙河，汴城宫阙远嵯峨。
img_88273	马色虽不同，人心本无隔。
img_88274	厩马散连山，军容威绝域。
img_88275	汗血每随边地苦，蹄伤不惮陇阴寒。
img_88276	铁马红旗寒日暮，使君犹寄边城。
img_88277	嘶马摇鞭何处去？晓禽霜满树。
img_88278	白马绕旌旗，悲鸣相追攀。
img_88279	便向夕阳影里，倚马挥毫。
img_88280	神椎凿石塞神潭，白马参覃赤尘起。
img_88281	万马不嘶，一声寒角，令行柳营。
img_88282	傍枯林古道，长河饮马，此意悠悠。
img_88283	野战格斗死，败马号鸣向天悲。
img_88284	东指羲和能走马，海尘新生石山下。
img_88285	马蹄踏水乱明霞，醉袖迎风受落花。
img_88286	脉脉广川流，驱马历长洲。
img_88287	不知马骨伤寒水，惟见龙城起暮云。
img_88288	无人收废帐，归马识残旗。
img_88289	二十四桥，颇有杜书记否。
img_88290	桥成汉渚星波外，人在鸾歌凤舞前。
img_88291	莫惊鸥鹭，四桥尽是，老子经行处。
img_88292	寺忆曾游处，桥怜再渡时。
img_88293	客醉倚河桥，清光愁玉箫。
img_88294	第四桥边，拟共天随住。
img_88295	北郭清溪一带流，红桥风物眼中秋，绿杨城郭是扬州。
img_88296	赤阑桥尽香街直，笼街细柳娇无力。
img_88297	五更枥马静无声。邻鸡犹怕惊。
img_88298	万里桥边多酒家，游人爱向谁家宿。
img_88299	轻阴池馆水平桥，一番弄雨花梢。
img_88300	津桥春水浸红霞，烟柳风丝拂岸斜。
img_88301	桥北桥南千百树，绿烟金穗映清流。
img_88302	千步虹桥，参差雁齿，直趋水殿。
img_88303	红板桥空，溅裙人去，依旧晓风残月。
img_88304	古宫闲地少，水港小桥多。
img_88305	至今窥牧马，不敢过临洮。
img_88306	墉集欺猫鼠，林藏逐雀鹯。
img_88307	中山人予之猫，猫善捕鼠及鸡。
img_88308	独怜幽草涧边生，上有黄鹂深树鸣。
img_88309	泥融飞燕子，沙暖睡鸳鸯。
img_88310	有熊有罴，有猫有虎，庆既令居，韩姞燕誉。
img_88311	重九开秋节，得一动宸仪。
img_88312	西风泼眼山如画，有黄花休恨无钱。
img_88313	可惜重阳，不把黄花与。
img_88314	紫萸一枝传赐，梦谁到汉家陵。
img_88315	朔方三度重阳节，河曲干旌岁岁忙。
img_88316	万里秋光客兴赊，同人九日惜年华。
img_88317	又是过重阳，台榭登临处，茱萸香坠。
img_88318	不负东篱约，携尊过草堂。
img_88319	算明朝未了重阳，紫萸应耐看。
img_88320	戎马关山北，凭轩涕泗流。
img_88321	青山欲共高人语。联翩万马来无数。
img_88322	何当金络脑，快走踏清秋。
img_88323	黄尘清水三山下，更变千年如走马。
img_88324	虢国夫人承主恩，平明骑马入宫门。
img_88325	嗟余听鼓应官去，走马兰台类转蓬。
img_88326	银鞍照白马，飒沓如流星。
img_88327	还似旧时游上苑，车如流水马如龙。
img_88328	是无猫邪，是不会蓄猫也。
img_88329	西塞山前白鹭飞，桃花流水鳜鱼肥。
img_88330	昆山玉碎凤凰叫，芙蓉泣露香兰笑。
img_88331	鸟宿池边树，僧敲月下门。
img_88332	九日黄花才过了，一尊聊慰秋容老。
img_88333	暗凝伫。近重阳满城风雨。
img_88334	白头太守真愚甚，满插茱萸望辟邪。
img_88335	喜遇重阳，更佳酿今朝新熟。
img_88336	疏篱下试觅重阳，醉擘青露菊。
img_88337	落日胡尘未断，西风塞马空肥。
img_88338	九日悲秋不到心。凤城歌管有新音。
img_88339	池馆隳摧古榭荒，此延嘉客会重阳。
img_88340	重阳初启节，无射正飞灰。
img_88341	香醪欲醉茱萸节，壮志还为出塞歌。
img_88342	细看茱萸一笑，诗翁健似常年。
img_88343	思亲堂上茱初插，忆妹窗前句乍裁。
img_88344	又是重阳近也，几处处，砧杵声催。
img_88345	近重阳偏多风雨，绝怜此日暄明。
img_88346	九日登高处，群山入望赊。
img_88347	一年最好，偏是重阳。
img_88348	是节东篱菊，纷披为谁秀。
img_88349	辕门菊酒生豪兴，雁塞风云惬壮游。
img_88350	百啭千声随意移，山花红紫树高低。
img_88351	春去花还在，人来鸟不惊。
img_88352	翻空白鸟时时见，照水红蕖细细香。
img_88353	打起黄莺儿，莫教枝上啼。
img_88354	天南地北双飞客，老翅几回寒暑。
img_88355	十里青山远，潮平路带沙。数声啼鸟怨年华。
img_88356	九日黄花酒，登高会昔闻。
img_88357	争渡，争渡，惊起一滩鸥鹭。
img_88358	征蓬出汉塞，归雁入胡天。
img_88359	落叶聚还散，寒鸦栖复惊。
img_88360	蓬山此去无多路，青鸟殷勤为探看。
img_88361	万壑树参天，千山响杜鹃。
img_88362	鸟向平芜远近，人随流水东西。
img_88363	孔雀东南飞，五里一徘徊。
img_88364	江晚正愁予，山深闻鹧鸪。
img_88365	鹏北海，凤朝阳。
img_88366	山光悦鸟性，潭影空人心。
img_88367	握手经年别，惊心九日霜。
img_88368	采采黄金花，何由满衣袖。
img_88369	三载重阳菊，开时不在家。
img_88370	佳节久从愁里过，壮心偶傍醉中来。
img_88371	问他有甚堪悲处？思量却也有悲时，重阳节近多风雨。
img_88372	霜风渐欲作重阳，熠熠溪边野菊香。
img_88373	垂緌饮清露，流响出疏桐。
img_88374	何期今日酒，忽对故园花。
img_88375	明年此会知谁健？醉把茱萸仔细看。
img_88376	绿杯红袖趁重阳。人情似故乡。
img_88377	劝君莫打枝头鸟，子在巢中望母归。
img_88378	佳时倍惜风光别，不为登高。只觉魂销。
img_88379	九日龙山饮，黄花笑逐臣。
img_88380	因思杜陵梦，凫雁满回塘。
img_88381	孤雁不饮啄，飞鸣声念群。
img_88382	白鸟一双临水立，见人惊起入芦花。
img_88383	罗幕轻寒，燕子双飞去。
img_88384	梁园日暮乱飞鸦，极目萧条三两家。
img_88385	吊影分为千里雁，辞根散作九秋蓬。
img_88386	寄言燕雀莫相啅，自有云霄万里高。
img_88387	山气日夕佳，飞鸟相与还。
img_88388	花开红树乱莺啼，草长平湖白鹭飞。
img_88389	粉堕百花洲，香残燕子楼。
img_88390	鸟去鸟来山色里，人歌人哭水声中。
img_88391	初闻征雁已无蝉，百尺楼高水接天。
img_88392	始知锁向金笼听，不及林间自在啼。
img_88393	芙蓉金菊斗馨香。天气欲重阳。
img_88394	寒波淡淡起，白鸟悠悠下。
img_88395	王孙莫把比蓬蒿，九日枝枝近鬓毛。
img_88396	佳节又重阳，玉枕纱厨，半夜凉初透。
img_88397	人生易老天难老，岁岁重阳。
img_88398	今又重阳，战地黄花分外香。
img_88399	待到重阳日，还来就菊花。
img_88400	分不尽，半凉天。可怜闲剩此婵娟。
img_88401	想子胥今夜见嫦娥，沉冤雪。
img_88402	想见广寒宫殿，正云梳风掠。
img_88403	斟酌姮娥，九秋宫殿冷。
img_88404	素娥无赖，西去曾不为人留。
img_88405	惟有今宵，皓彩皆同普。
img_88406	寄言俦侣，莫负广寒沈醉。
img_88407	万里婵娟，几许雾屏云幔。
img_88408	遮莫圆明似前度，不知谁续广寒游。
img_88409	凤凰城阙知何处，寥落星河一雁飞。
img_88410	平冈细草鸣黄犊，斜日寒林点暮鸦。
img_88411	蜂儿不解知人苦，燕儿不解说人愁。
img_88412	从此信音稀，岭南无雁飞。
img_88413	微吟不道惊溪鸟，飞入乱云深处啼。
img_88414	零落江南不自由。两绸缪。料得吟鸾夜夜愁。
img_88415	飞鸟没何处，青山空向人。
img_88416	燕子飞时，绿水人家绕。枝上柳绵吹又少。
img_88417	雁过也，正伤心，却是旧时相识。
img_88418	洞庭一夜无穷雁，不待天明尽北飞。
img_88419	半壁见海日，空中闻天鸡。
img_88420	日晚江南望江北，寒鸦飞尽水悠悠。
img_88421	孤鸿号外野，翔鸟鸣北林。
img_88422	蜀国曾闻子规鸟，宣城还见杜鹃花。
img_88423	燕雁无心，太湖西畔随云去。
img_88424	翠叶藏莺，朱帘隔燕。
img_88425	惊塞雁，起城乌，画屏金鹧鸪。
img_88426	琵琶金翠羽，弦上黄莺语。
img_88427	去年燕子天涯，今年燕子谁家？
img_88428	红莲相倚浑如醉，白鸟无言定自愁。
img_88429	阳月南飞雁，传闻至此回。
img_88430	琼楼玉宇。分明不受人间暑。寻常岂是无三五。
img_88431	一月可曾闲几日，百年难得闰中秋。
img_88432	柳下系舟犹未稳，能几日又中秋。
img_88433	起舞徘徊风露下，今夕不知何夕。
img_88434	小住京华，早又是，中秋佳节。
img_88435	洞庭青草，近中秋，更无一点风色。
img_88436	至今不会天中事，应是嫦娥掷与人。
img_88437	烧痕惨淡带昏鸦，数尽寒梅未见花。
img_88438	燕忙莺懒芳残，正堤上柳花飘坠。
img_88439	行到小溪深处，有黄鹂千百。
img_88440	花隐掖垣暮，啾啾栖鸟过。
img_88441	游丝冉冉花枝静，青壁迢迢白鸟过。
img_88442	燕子斜阳来又去，如此江山。
img_88443	台榭空蒙烟柳暗，白鸟衔鱼欲舞。
img_88444	夕阳西下，塞雁南飞，渭水东流。
img_88445	鸟雀呼晴，侵晓窥檐语。
img_88446	淮南秋雨夜，高斋闻雁来。
img_88447	枝上流莺和泪闻，新啼痕间旧啼痕。
img_88448	双燕飞来，陌上相逢否？撩乱春愁如柳絮。
img_88449	晓雾将歇，猿鸟乱鸣
img_88450	猎人箭底求伤雁，钓户竿头乞活鱼。
img_88451	天寒水鸟自相依，十百为群戏落晖。
img_88452	玉珰缄札何由达，万里云罗一雁飞。
img_88453	鹊桥波里出，龙车霄外飞。
img_88454	已驾七香车，心心待晓霞。
img_88455	二秋叶神媛，七夕望仙妃。
img_88456	每恨蟪蛄怜婺女，几回娇妒下鸳机，今宵嘉会两依依。
img_88457	夜色银河情一片。轻帐偷欢，银烛罗屏怨。
img_88458	幸回郎意且斯须，一年中别今始初。
img_88459	寻思不似鹊桥人，犹自得一年一度。
img_88460	谁忍窥河汉，迢迢问斗牛。
img_88461	七夕年年信不违，银河清浅白云微，蟾光鹊影伯劳飞。
img_88462	应倾谢女珠玑箧，尽写檀郎锦绣篇。
img_88463	岂能无意酬乌鹊，惟与蜘蛛乞巧丝。
img_88464	鹊辞穿线月，花入曝衣楼。
img_88465	东飞乌鹊西飞燕。盈盈一水经年见。
img_88466	恐是仙家好别离，故教迢递作佳期。
img_88467	一道鹊桥横渺渺，千声玉佩过玲玲。
img_88468	崖崩路绝猿鸟去，惟有乔木搀天长。
img_88469	燕子巢方就，盆池小，新荷蔽。
img_88470	疏雨池塘见，微风襟袖知。
img_88471	旧时王谢堂前燕子，飞向谁家。
img_88472	高馆张灯酒复清，夜钟残月雁归声。
img_88473	已见寒梅发，复闻啼鸟声。
img_88474	晴野鹭鸶飞一只，水葓花发秋江碧。
img_88475	人行明镜中，鸟度屏风里。
img_88476	禁里疏钟官舍晚，省中啼鸟吏人稀。
img_88477	乱鸦三四点，愁坐话无憀。
img_88478	无情燕子，怕春寒轻失花期。
img_88479	带雨牡丹无气力，黄鹂愁雨湿。
img_88480	燕子重来，往事东流去。
img_88481	人情已厌南中苦，鸿雁那从北地来。
img_88482	去年离别雁初归，今夜裁缝萤已飞。
img_88483	树头幽鸟，对调新语，语罢双飞却。
img_88484	风日薄度墙啼鸟声乱。
img_88485	惟有河边雁，秋来南向飞。
img_88486	王粲登临寥落际。雁飞不断天连水。
img_88487	向来吟秀句，不觉已鸣鸦。
img_88488	双星良夜，耕慵织懒，应被群仙相妒。
img_88489	织女牵牛送夕阳，临看不觉鹊桥长。
img_88490	恨人间会少离多，万古千秋今夕。
img_88491	柔情似水，佳期如梦，忍顾鹊桥归路。
img_88492	桃花落后蚕齐浴，竹笋抽时燕便来。
img_88493	墦间人散後，乌鸟正西东。
img_88494	黄莺百舌正相呼，玉树后庭花带雨。
img_88495	柘弹何人发，黄鹂隔故宫。
img_88496	燕子归来愁不语。旧巢无觅处。
img_88497	远雁下平沙，嘹亮遗凄唳。
img_88498	日夕北风紧，寒林噤暮鸦。
img_88499	回首天涯，一抹斜阳，数点寒鸦。
img_88500	人迷洞庭水，雁度潇湘烟。
img_88501	喧啾百鸟群，忽见孤凤凰。
img_88502	白鸟明边帆影直。隔江闻夜笛。
img_88503	寂寞风蝉至，连翩霜雁来。
img_88504	鸟声有悲欢，我爱口流血。
img_88505	雁起青天，数行书似旧藏处。
img_88506	旧时燕子还飞否？今古不胜情。
img_88507	冲波突出人齐譀，跃浪争先鸟退飞。
img_88508	正是浴兰时节动。菖蒲酒美清尊共。
img_88509	儿女纷纷夸结束，新样钗符艾虎。
img_88510	不效艾符趋习俗，但祈蒲酒话升平。
img_88511	年年端午风兼雨，似为屈原陈昔冤。
img_88512	门外绿阴千顷，两两黄鹂相应。
img_88513	湖南为客动经春，燕子衔泥两度新。
img_88514	别有相思处，啼鸟杂夜风。
img_88515	孤舟向广武，一鸟归成皋。
img_88516	海上众鸟不敢飞，中有鲤鱼长且肥。
img_88517	行人夜宿金陵渚，试听沙边有雁声。
img_88518	酷怜娇易散，燕子学偎红。
img_88519	未羞他双燕归来，画帘半卷。
img_88520	古岩泉滴滴，幽谷鸟关关。
img_88521	林中有奇鸟，自言是凤凰。
img_88522	粽包分两髻，艾束著危冠。
img_88523	彩线轻缠红玉臂，小符斜挂绿云鬟。
img_88524	独写菖蒲竹叶杯，蓬城芳草踏初回。
img_88525	记取江湖泊船处，卧闻新雁落寒汀。
img_88526	鼓吹助清赏，鸿雁起汀洲。
img_88527	更满眼残红吹尽，叶底黄鹂自语。
img_88528	巴山重叠相逢处。燕子占巢花脱树。
img_88529	鸿雁向西北，因书报天涯。
img_88530	雁行缘石径，鱼贯度飞梁。
img_88531	龟游莲叶上，鸟宿芦花里。
img_88532	乍听得鸦啼莺弄，惹起新愁无限。
img_88533	猿鸟犹疑畏简书，风云常为护储胥。
img_88534	云边雁断胡天月，陇上羊归塞草烟。
img_88535	不知天外雁，何事乐长征？
img_88536	玉阶空伫立，宿鸟归飞急。
img_88537	江燕话归成晓别，水花红减似春休。西风梧井叶先愁。
img_88538	溪上桃花无数，花上有黄鹂。
img_88539	罩向金笼好羽仪，分明喉舌似君稀。
img_88540	上林消息好，鸿雁已归来。
img_88541	燕帘莺户，云窗雾阁，酒醒啼鸦。
img_88542	宫衣亦有名，端午被恩荣。
img_88543	石溪久住思端午，馆驿楼前看发机。
img_88544	横笛惊征雁，娇歌落塞云。
img_88545	黄莺也爱新凉好，飞过青山影里啼。
img_88546	新来雁阔云音，鸾分鉴影，无计重见。
img_88547	试问春归谁得见？飞燕，来时相遇夕阳中。
img_88548	下窥指高鸟，俯听闻惊风。
img_88549	轻汗微微透碧纨，明朝端午浴芳兰。
img_88550	望以斜阳欲尽时，不见西飞雁。
img_88551	清香随风发，落日好鸟归。
img_88552	日暮飞鸦集，满山荞麦花。
img_88553	楚水辞鱼窟，燕山到雁家。
img_88554	白鸟悠悠自去，汀洲外无限蒹葭。
img_88555	一点烽传散关信，两行雁带杜陵秋。
img_88556	东风惆怅欲清明，公子桥边沉醉。
img_88557	古戍三秋雁，高台万木风。
img_88558	待把酒送君，恰又清明后。
img_88559	一郡官闲唯副使，一年冷节是清明。
img_88560	算韶华，又因循过了，清明时候。
img_88561	清明天气。永日愁如醉。
img_88562	今日清明节，园林胜事偏。
img_88563	残杏枝头花几许。啼红正恨清明雨。
img_88564	时霎清明，载花不过西园路。
img_88565	万条千缕绿相迎。舞烟眠雨过清明。
img_88566	燕归花谢，早因循又过清明。
img_88567	况是清明好天气，不妨游衍莫忘归。
img_88568	清明时节出郊原，寂寂山城柳映门。
img_88569	乌啼鹊噪昏乔木，清明寒食谁家哭。
img_88570	试上吴门窥郡郭，清明几处有新烟。
img_88571	清明节，雨晴天，得意正当年。
img_88572	拆桐花烂漫，乍疏雨洗清明。
img_88573	才过清明，渐觉伤春暮。
img_88574	清明过了，不堪回首，云锁朱楼。
img_88575	野棠花落，又匆匆过了，清明时节。
img_88576	好风胧月清明夜，碧砌红轩刺史家。
img_88577	中庭月色正清明，无数杨花过无影。
img_88578	碧艾香蒲处处忙。谁家儿共女，庆端阳。
img_88579	南北山头多墓田，清明祭扫各纷然。
img_88580	无花无酒过清明，兴味萧然似野僧。
img_88581	淡荡春光寒食天。玉炉沈水袅残烟。
img_88582	阑风伏雨催寒食，樱桃一夜花狼藉。
img_88583	落花夜雨辞寒食。尘香明日城南陌。
img_88584	岭南能有几多花，寒食临之扫春迹。
img_88585	留恋海棠颜色过清明。
img_88586	屈子冤魂终古在，楚乡遗俗至今留。
img_88587	禁烟不到粤人国，上冢亦携庞老家。
img_88588	鹭窥芦箔水，鸟啄纸钱风。
img_88589	红深绿暗径相交，抱暖含芳披紫袍。
img_88590	江淮度寒食，京洛缝春衣。
img_88591	宠柳娇花寒食近，种种恼人天气。
img_88592	绿杨带雨垂垂重。五色新丝缠角粽。
img_88593	更倾寒食泪，欲涨冶城潮。
img_88594	近寒食人家，相思未忘苹藻香。
img_88595	普天皆灭焰，匝地尽藏烟。
img_88596	不知何处火，来就客心然。
img_88597	淡荡春光寒食天。玉炉沉水袅残烟。梦回山枕隐花钿。
img_88598	佳辰强饮食犹寒，隐几萧条戴鹖冠。
img_88599	贫居往往无烟火，不独明朝为子推。
img_88600	又酒趁哀弦，灯照离席。梨花榆火催寒食。
img_88601	梨花自寒食，进节只愁余。
img_88602	寒食时看郭外春，野人无处不伤神。
img_88603	夜深斜搭秋千索，楼阁朦胧烟雨中。
img_88604	芳洲拾翠暮忘归，秀野踏青来不定。
img_88605	把酒看花想诸弟，杜陵寒食草青青。
img_88606	听风听雨过清明。愁草瘗花铭。
img_88607	怀家寒食夜，中酒落花天。
img_88608	画楼洗净鸳鸯瓦，彩绳半湿秋千架。
img_88609	寒食后，酒醒却咨嗟。
img_88610	自我来黄州，已过三寒食。
img_88611	日暮汉宫传蜡烛，轻烟散入五侯家。
img_88612	接汉疑星落，依楼似月悬。
img_88613	望千门如昼，嬉笑游冶。
img_88614	箫鼓喧，人影参差，满路飘香麝。
img_88615	锦里开芳宴，兰缸艳早年。
img_88616	帐底吹笙香吐麝，更无一点尘随马。
img_88617	元宵佳节，融和天气，次第岂无风雨。
img_88618	千门开锁万灯明，正月中旬动帝京。
img_88619	宝马雕车香满路。
img_88620	风雨梨花寒食过，几家坟上子孙来？
img_88621	平岸小桥千嶂抱。柔蓝一水萦花草。
img_88622	驿路侵斜月，溪桥度晓霜。
img_88623	火树银花合，星桥铁锁开。
img_88624	过桥分野色，移石动云根。
img_88625	不求见面惟通谒，名纸朝来满敝庐。
img_88626	陪都歌舞迎佳节，遥祝延安景物华。
img_88627	半盏屠苏犹未举，灯前小草写桃符。
img_88628	携扙来追柳外凉，画桥南畔倚胡床。
img_88629	灞桥烟柳，曲江池馆，应待人来。
img_88630	半烟半雨溪桥畔，渔翁醉着无人唤。
img_88631	苏小门前柳万条，毵毵金线拂平桥。
img_88632	碧水丹山映杖藜，夕阳犹在小桥西。
img_88633	落花水香茅舍晚，断桥头卖鱼人散。
img_88634	隐隐飞桥隔野烟，石矶西畔问渔船。
img_88635	候馆梅残，溪桥柳细。
img_88636	枫叶千枝复万枝，江桥掩映暮帆迟。
img_88637	金风玉露一相逢，便胜却人间无数。
img_88638	烟柳画桥，风帘翠幕，参差十万人家。
img_88639	忆昔午桥桥上饮，坐中多是豪英。
img_88640	汉家旌帜满阴山，不遣胡儿匹马还。
img_88641	今夜不知何处宿，平沙万里绝人烟。
img_88642	万里中原烽火北，一尊浊酒戍楼东。
img_88643	秦中花鸟已应阑，塞外风沙犹自寒。
img_88644	平明寻白羽，没在石棱中。
img_88645	古木阴中系短篷，杖藜扶我过桥东。
img_88646	清愁诗酒少，寒食雨风多。
img_88647	孰知不向边庭苦，纵死犹闻侠骨香。
img_88648	君不见走马川行雪海边，平沙莽莽黄入天。
img_88649	胡沙没马足，朔风裂人肤。
img_88650	拔剑击大荒，日收胡马群
img_88651	营州少年厌原野，狐裘蒙茸猎城下。
img_88652	露下旗濛濛，寒金鸣夜刻。
img_88653	野幕敞琼筵，羌戎贺劳旋。
img_88654	策马自沙漠，长驱登塞垣。
img_88655	一年滴尽莲花漏。碧井酴酥沈冻酒。
img_88656	单车欲问边，属国过居延。
img_88657	塞上秋风鼓角，城头落日旌旗。
img_88658	山川萧条极边土，胡骑凭陵杂风雨。
img_88659	姑苏城外一茅屋，万树梅花月满天。
img_88660	已是悬崖百丈冰，犹有花枝俏。
img_88661	高情已逐晓云空。不与梨花同梦。
img_88662	香非在蕊，香非在萼，骨中香彻。
img_88663	井灶有遗处，桑竹残朽株。
img_88664	竹竿有甘苦，我爱抱苦节。
img_88665	关西老将不胜愁，驻马听之双泪流。
img_88666	绿竹半含箨，新梢才出墙。
img_88667	一丛萱草，几竿修竹，数叶芭蕉。
img_88668	朝见马岭黄沙合，夕望龙城阵云起。
img_88669	春风旍旗拥万夫，幕下诸将思草枯。
img_88670	流水本自断人肠，坚冰旧来伤马骨。
img_88671	命将征西极，横行阴山侧。
img_88672	道人庭宇静，苔色连深竹。
img_88673	迸箨分苦节，轻筠抱虚心。
img_88674	驿外断桥边，寂寞开无主。
img_88675	旧山松竹老，阻归程。
img_88676	无数春笋满林生，柴门密掩断行人。
img_88677	槲叶落山路，枳花明驿墙。
img_88678	临砌影，寒香乱冻梅藏韵。
img_88679	早梅发高树，迥映楚天碧。
img_88680	窗间梅熟落蒂，墙下笋成出林。
img_88681	野竹分青霭，飞泉挂碧峰。
img_88682	先生名利比尘灰，绿竹青松手自栽。
img_88683	醉折残梅一两枝，不妨桃李自逢时。
img_88684	江南腊尽，早梅花开后，分付新春与垂柳。
img_88685	窗前竹叶，凛凛狂风折。
img_88686	坐荫从容烦暑退，清心恍惚微香触。
img_88687	竹疏虚槛静，松密醮坛阴。
img_88688	润逼琴丝，寒侵枕障，虫网吹黏帘竹。
img_88689	松竹含新秋，轩窗有余清。
img_88690	玉树犹难伸，压倒千竿竹。
img_88691	烟萝翠竹，欠罗袖为倚天寒日暮。
img_88692	片帆西去，一声谁喷霜竹。
img_88693	野竹交淇水，秋瓜蔓帝邱。
img_88694	叶落风不起，山空花自红。
img_88695	一字无题外，落叶都愁。
img_88696	绿叶阴浓，遍池亭水阁，偏趁凉多。
img_88697	落叶满空山，何处寻行迹。
img_88698	旧苑荒台杨柳新，菱歌清唱不胜春。
img_88699	池上柳依依，柳边人掩扉。
img_88700	永丰柳，无人尽日飞花雪。
img_88701	柳条百尺拂银塘，且莫深青只浅黄。
img_88702	叶开随足影，花多助重条。
img_88703	应酬都不暇，一岭是梅花。
img_88704	灼灼野花香，依依金柳黄。
img_88705	怕歌愁舞懒逢迎。妆晚托春酲。
img_88706	为容不在貌，独抱孤洁。
img_88707	花意争春，先出岁寒枝。
img_88708	梅片作团飞，雨外柳丝金湿。
img_88709	试问梅花何处好，与君藉草携壶。
img_88710	做弄得酒醒天寒，空对一庭香雪。
img_88711	犹余雪霜态，未肯十分红。
img_88712	一晌凝情无语，手捻梅花何处。
img_88713	去岁江南见雪时，月底梅花发。
img_88714	匝路亭亭艳，非时裛裛香。
img_88715	香闻流水处，影落野人家。
img_88716	多谢梅花，伴我微吟。
img_88717	一叶度春风，芳芳自相接。
img_88718	桐叶落，蓼花残。雁声天外寒。
img_88719	白梅懒赋赋红梅，逞艳先迎醉眼开。
img_88720	木叶纷纷下，东南日烟霜。
img_88721	桃根桃叶终相守，伴殷勤双宿鸳鸯。
img_88722	盘心清露如铅水，又一夜西风吹折。
img_88723	棘枝风哭酸，桐叶霜颜高。
img_88724	岭水争分路转迷，桄榔椰叶暗蛮溪。
img_88725	苕之华，其叶青青。
img_88726	子规啼彻四更时，起视蚕稠怕叶稀。
img_88727	雉雊麦苗秀，蚕眠桑叶稀。
img_88728	枝枝相覆盖，叶叶相交通。
img_88729	榈庭多落叶，慨然知已秋。
img_88730	南轩有孤松，柯叶自绵幂。
img_88731	蒂有余香金淡泊，枝无全叶翠离披。
img_88732	天涯芳草迷归路，病叶还禁一夜霜。
img_88733	柔条纷冉冉，叶落何翩翩。
img_88734	柳花深巷午鸡声，桑叶尖新绿未成。
img_88735	风紧雁行高，无边落木萧萧。
img_88736	西宫南内多秋草，落叶满阶红不扫。
img_88737	枝枝相纠结，叶叶竞飘扬。
img_88738	野蔬充膳甘长藿，落叶添薪仰古槐。
img_88739	翠叶吹凉，玉容消酒，更洒菇蒲雨。
img_88740	新叶初冉冉，初蕊新霏霏。
img_88741	东门之杨，其叶牂牂。
img_88742	明朝挂帆席，枫叶落纷纷。
img_88743	秋色到空闺，夜扫梧桐叶。
img_88744	青蒲衔紫茸，长叶复从风。
img_88745	惠远祠前晋溪水，翠叶银花清见底。
img_88746	汾水碧依依，黄云落叶初飞。
img_88747	绿叶素荣，纷其可喜兮。
img_88748	穆湖莲叶小于钱，卧柳虽多不碍船。
img_88749	绿叶紫裹，丹茎白蒂。
img_88750	瘦叶几经雪，淡花应少春。
img_88751	夜来疏雨鸣金井，一叶舞空红浅。
img_88752	冀枝叶之峻茂兮，愿俟时乎吾将刈。
img_88753	商叶堕干雨，秋衣卧单云。
img_88754	湘西一杯酒，渺渺红叶换。
img_88755	重重蕊叶相怜，似青帔艳妆神仙侣。
img_88756	落木萧萧，琉璃叶下琼葩吐。
img_88757	败垣芳草，空廊落叶，深砌苍苔。
img_88758	先拂商弦后角羽，四郊秋叶惊摵摵。
img_88759	隰桑有阿，其叶有幽。
img_88760	如丝苣甲饤春盘，韭叶金黄雪未干。
img_88761	裳裳者华，其叶湑兮。
img_88762	筑室兮水中，葺之兮荷盖
img_88763	落叶委埏侧，枯荄带坟隅。
img_88764	荷叶出地寻丈，因列坐其下，上不见日。
img_88765	大漠西风急，黄榆凉叶飞。
img_88766	苦心岂免容蝼蚁，香叶终经宿鸾凤。
img_88767	露叶翻风惊鹊坠。暗落青林红子。
img_88768	酒市渐闲灯火，正敲窗乱叶舞纷纷。
img_88769	鸳鸯密语同倾盖，且莫与浣纱人说。
img_88770	绿叶兮素华，芳菲菲兮袭予
img_88771	绿叶青跗映丹萼，与君裴回上金阁。
img_88772	槐叶初匀日气凉，葱葱鼠耳翠成双。
img_88773	大嫂采芙蓉，溪湖千万重。
img_88774	芳草平沙，斜阳远树，无情桃叶江头渡。
img_88775	残柳宫前空露叶，夕阳川上浩烟波。
img_88776	垂柳覆金堤，蘼芜叶复齐。
img_88777	叶润林塘密，衣干枕席清。
img_88778	惨惨时节尽，兰叶复凋零。
img_88779	秋木萋萋，其叶萎黄，有鸟处山，集于苞桑。
img_88780	逐流牵荇叶，缘岸摘芦苗。
img_88781	绿叶渐成阴，下有游人归路。
img_88782	败叶填溪水已冰，夕阳犹照短长亭。
img_88783	秋声带叶萧萧落，莫响城头角！
img_88784	秋萧索。梧桐落尽西风恶。
img_88785	疏林红叶，芙蓉将谢，天然妆点秋屏列。
img_88786	君看萧萧只数叶，满堂风雨不胜寒。
img_88787	柳丝长，桃叶小。深院断无人到。
img_88788	寒英坐销落，何用慰远客。
img_88789	烟开兰叶香风暖，岸夹桃花锦浪生。
img_88790	楼外垂杨千万缕。欲系青春，少住春还去。
img_88791	摇荡春风媚春日，念尔零落逐风飚，徒有霜华无霜质。
img_88792	染柳烟浓，吹梅笛怨，春意知几许。
img_88793	御柳如丝映九重，凤凰窗映绣芙蓉。
img_88794	疏是枝条艳是花，春妆儿女竞奢华。
img_88795	江山如有待，花柳自无私。
img_88796	渡头杨柳青青。枝枝叶叶离情。
img_88797	桃李风前多妩媚，杨柳更温柔。
img_88798	花明柳暗绕天愁，上尽重城更上楼。
img_88799	枣花至小能成实，桑叶虽柔解吐丝。
img_88800	繁枝容易纷纷落，嫩叶商量细细开。
img_88801	桑之未落，其叶沃若。
img_88802	梧桐叶上，点点露珠零。
img_88803	蒲生我池中，其叶何离离。
img_88804	久雨寒蝉少，空山落叶深。
img_88805	黄叶仍风雨，青楼自管弦。
img_88806	水风轻，蘋花渐老，月露冷梧叶飘黄。
img_88807	桃之夭夭，其叶蓁蓁。
img_88808	桂花香雾冷，梧叶西风影。
img_88809	千里稻花应秀色，五更桐叶最佳音。
img_88810	松叶堪为酒，春来酿几多。
img_88811	解把飞花蒙日月，不知天地有清霜。
img_88812	见碧水丹山，黄芦苦竹。
img_88813	常恐秋节至，焜黄华叶衰。
img_88814	淇园春竹美，军宴日椎牛。
img_88815	修竹傍林开，乔松倚岩列。
img_88816	竹树无声或有声，霏霏漠漠散还凝。
img_88817	东岩富松竹，岁暮幸同归。
img_88818	淇澳春云碧，潇湘夜雨寒。
img_88819	数枝门柳低衣桁，一片山花落笔床。
img_88820	楼前柳，憔悴几秋风。
img_88821	柳条将舒未舒，柔梢披风，麦田浅鬣寸许。
img_88822	野渡舟横，杨柳绿阴浓。
img_88823	隔户杨柳弱袅袅，恰似十五女儿腰。
img_88824	金柳摇风树树，系彩舫龙舟遥岸。
img_88825	画阁朱楼尽相望，红桃绿柳垂檐向。
img_88826	海燕未来人斗草，江梅已过柳生绵。
img_88827	红烛背，绣帘垂，梦长君不知。
img_88828	杨柳散和风，青山澹吾虑。
img_88829	两行疏柳，一丝残照，万点鸦栖。
img_88830	五月五日午，赠我一枝艾。
img_88831	垂杨拂绿水，摇艳东风年。
img_88832	疏条交映，有时见日。
img_88833	飞絮濛濛。垂柳阑干尽日风。
img_88834	今何许。凭阑怀古。残柳参差舞。
img_88835	一溪烟柳万丝垂，无因系得兰舟住。
img_88836	楼前绿暗分携路，一丝柳一寸柔情。
img_88837	晓寒料峭尚欺人，春态苗条先到柳。
img_88838	黄莺不语东风起，深闭朱门伴舞腰。
img_88839	柳径无人，堕絮飞无影。
img_88840	杨柳回塘，鸳鸯别浦。绿萍涨断莲舟路。
img_88841	江头宫殿锁千门，细柳新蒲为谁绿？
img_88842	东风静细柳垂金缕。
img_88843	遥看孟津河，杨柳郁婆娑。
img_88844	日落谢家池馆，柳丝金缕断。
img_88845	海角天涯，寒食清明，泪点絮花沾袖。
img_88846	攀出墙朵朵花，折临路枝枝柳。
img_88847	濛柳添丝密，含吹织空罗。
img_88848	昼成凄黯，雁飞过垂杨转青。
img_88849	长杨跨武骑，细柳接戎轩。
img_88850	岸柳垂金线，雨晴莺百啭。
img_88851	柳柔摇不定，草短绿应难。
img_88852	新烟禁柳，想如今绿到西湖。
img_88853	弱柳青槐拂地垂，佳气红尘暗天起。
img_88854	柳重烟深，雪絮飞来往。
img_88855	手种堂前垂柳，别来几度春风？
img_88856	上林苑里花徒发，细柳营前叶漫新。
img_88857	任翠幄张天，柔茵藉地，酒尽未能去。
img_88858	雪云散尽，放晓晴池院。杨柳于人便青眼。
img_88859	柳带摇风汉水滨，平芜两岸争匀。
img_88860	两岸桃花烘日出，四围高柳到天垂。一尊心事百年期。
img_88861	丝长鱼误恐，枝弱禽惊践。
img_88862	君行四月草萋萋，柳花桃花半委泥。
img_88863	垂柳不萦裙带住。漫长是系行舟。
img_88864	东风吹我过湖船。杨柳丝丝拂面。
img_88865	欲共柳花低诉，怕柳花轻薄，不解伤春。
img_88866	秋霜不惜人，倏忽侵蒲柳。
img_88867	碧湖湖上柳阴阴，人影澄波浸，常记年时欢花饮。
img_88868	最是多情汴堤柳，春来依旧带栖鸦！
img_88869	靖安宅里当窗柳，望驿台前扑地花。
img_88870	竹柏皆冻死，况彼无衣民。
img_88871	灞桥杨柳年年恨，鸳浦芙蓉叶叶愁。
img_88872	见杨柳飞绵滚滚，对桃花醉脸醺醺。
img_88873	叶落根偏固，心虚节更高。
img_88874	高节志凌云，不敢当滕六。
img_88875	柏府楼台衔倒影，茅茨松竹泻寒声。
img_88876	不种闲花，池亭畔几竿修竹。
img_88877	修竹畔，疏帘里。歌余尘拂扇，舞罢风掀袂。
img_88878	野店垂杨步，荒祠苦竹丛。
img_88879	蜡炬风摇帘不下，竹影半墙如画。
img_88880	未成林，难望凤来栖，聊医俗。
img_88881	性孤高似柏，阿娇金屋。
img_88882	蓼岸荻花中，隐映竹篱茅舍。
img_88883	擢擢当轩竹，青青重岁寒。
img_88884	秋声万户竹，寒色五陵松。
img_88885	榴叶拥花当北户，竹根抽笋出东墙。
img_88886	归来三径重扫，松竹本吾家。
img_88887	青林翠竹，四时俱备。
img_88888	湘泪浅深滋竹色，楚歌重叠怨兰丛。
img_88889	凭栏久，黄芦苦竹，拟泛九江船。
img_88890	奈南墙冷落，竹烟槐雨。
img_88891	越梅半拆轻寒里，冰清淡薄笼蓝水。
img_88892	云锁嫩黄烟柳细，风吹红蒂雪梅残。
img_88893	竹树带飞岚，荇藻俱明丽。
img_88894	宫粉雕痕，仙云堕影，无人野水荒湾。
img_88895	拨雪寻春，烧灯续昼。暗香院落梅开后。
img_88896	梅落繁枝千万片，犹自多情，学雪随风转。
img_88897	塞北梅花羌笛吹，淮南桂树小山词。
img_88898	步转回廊，半落梅花婉娩香。
img_88899	起来搔首，梅影横窗瘦。
img_88900	愿借天风吹得远，家家门巷尽成春。
img_88901	寒梅最堪恨，常作去年花。
img_88902	绿槐烟柳长亭路，恨匆忙分离去。
img_88903	天涯也有江南信。梅破知春近。
img_88904	柳垂江上影，梅谢雪中枝。
img_88905	落梅庭榭香，芳草池塘绿。
img_88906	寒雪梅中尽，春风柳上归。
img_88907	陌上风光浓处。第一寒梅先吐。
img_88908	历冰霜不变好风姿，温如玉。
img_88909	睡起觉微寒。梅花鬓上残。
img_88910	竹怜新雨后，山爱夕阳时。
img_88911	看来岂是寻常色，浓淡由他冰雪中。
img_88912	始怜幽竹山窗下，不改清阴待我归。
img_88913	竹径通幽处，禅房花木深。
img_88914	掩柴扉，谢他梅竹伴我冷书斋。
img_88915	无肉令人瘦，无竹令人俗。
img_88916	绿竹入幽径，青萝拂行衣。
img_88917	林断山明竹隐墙。乱蝉衰草小池塘。
img_88918	过江千尺浪，入竹万竿斜。
img_88919	苍苍竹林寺，杳杳钟声晚。
img_88920	宁可食无肉，不可居无竹。
img_88921	世间花叶不相伦，花入金盆叶作尘。
img_88922	芳林新叶催陈叶，流水前波让後波。
img_88923	篱落疏疏一径深，树头花落未成阴。
img_88924	春来茗叶还争白，腊尽梅梢尽放红。
img_88925	庭中有奇树，绿叶发华滋。
img_88926	兰叶春葳蕤，桂华秋皎洁。
img_88927	叶上初阳干宿雨水面清圆，一一风荷举。
img_88928	雨中黄叶树，灯下白头人。
img_88929	江南可采莲，莲叶何田田。
img_88930	离愁不管人飘泊。年年孤负黄花约。
img_88931	荷叶生时春恨生，荷叶枯时秋恨成。
img_88932	青山绿水，白草红叶黄花。
img_88933	春江暖涨桃花水。画舫珠帘，载酒东风里。
img_88934	渔舟逐水爱山春，两岸桃花夹古津。
img_88935	杨柳青青著地垂，杨花漫漫搅天飞。
img_88936	青青河畔草，郁郁园中柳。
img_88937	长安陌上无穷树，唯有垂杨绾别离。
img_88938	袅袅城边柳，青青陌上桑。
img_88939	鹅鸭不知春去尽，争随流水趁桃花。
img_88940	枝上柳绵吹又少。天涯何处无芳草。
img_88941	东风有恨致玄都，吹破枝头玉，夜月梨花也相妒。
img_88942	尘世难逢一笑，况有紫萸黄菊，堪插满头归。
img_88943	吾生如寄，尚想三径菊花丛。
img_88944	台高不尽看枫叶，院净何须坐菊花。
img_88945	遥怜故园菊，应傍战场开。
img_88946	画楼春早，一树桃花笑。
img_88947	桃花三十六陂，鲛宫睡起，娇雷乍转。
img_88948	又有墙头千叶桃，风动落花红蔌蔌。
img_88949	桃花水到报平渠，喜动新流见跃鱼。
img_88950	寻桃觅柳，开遍南枝未觉。
img_88951	彭蠡湖天晚，桃花水气春。
img_88952	夭夭园桃，无子空长。
img_88953	桃李待日开，荣华照当年。
img_88954	花谷依然，秀靥偷春小桃李。
img_88955	丹灶初开火，仙桃正落花。
img_88956	水溢芙蓉沼，花飞桃李蹊。
img_88957	石门流水遍桃花，我亦曾到秦人家。
img_88958	玄都观里桃千树，花落水空流。
img_88959	恩疏宠不及，桃李伤春风。
img_88960	柳下桃蹊，乱分春色到人家。
img_88961	湘女归魂，佩环玉冷无声，凝情谁诉。
img_88962	波面澄霞，兰艇采香去。
img_88963	拥红妆，翻翠盖，花影暗南浦。
img_88964	我来一长叹，知是东溪莲。
img_88965	莲渚收香，兰皋浮爽，凉思顿欺班扇。
img_88966	艳妆临水最相宜。风来吹绣漪。
img_88967	宁知寸心里，蓄紫复含红！
img_88968	露清枕簟藕花香，恨悠扬。
img_88969	临行挽衫袖，更尝折残菊。
img_88970	枝上柳绵吹又少，天涯何处无芳草！
img_88971	东望鞭芙缥缈，寒光如注。
img_88972	青春花姊不同时。凄凉生较迟。
img_88973	紫菊宜新寿，丹萸辟旧邪。
img_88974	老圃好栽培，菊花五月开。
img_88975	斗万花样巧，深染蜂黄。
img_88976	夭红过眼随荣谢，菊秀兰香自占春。
img_88977	沙岸菊开花，霜枝果垂实。
img_88978	犹喜闰前霜未下，菊边依旧舞身轻。
img_88979	黄菊散芳丛，清泉凝白雪。
img_88980	此生只是偿诗债，白菊开时最不眠。
img_88981	对菊难逢元亮酒，登楼愧乏仲宣才。
img_88982	渐秋阑雪清玉瘦，向人无限依依。
img_88983	未追赤松子，且泛黄菊英。
img_88984	黄华自与西风约，白发先从远客生。
img_88985	黄昏寒立更披襟，露浥清香悦道心。
img_88986	坐开桑落酒，来把菊花枝。
img_88987	问篱边黄菊，知为谁开。
img_88988	芳菊开林耀，青松冠岩列。
img_88989	冲天香阵透长安，满城尽带黄金甲。
img_88990	采菊东篱下，悠然见南山。
img_88991	绿池落尽红蕖却，荷叶犹开最小钱。
img_88992	当轩对尊酒，四面芙蓉开。
img_88993	若对黄花孤负酒，怕黄花也笑人岑寂。
img_88994	风含翠篠娟娟净，雨裛红蕖冉冉香。
img_88995	田田初出水，菡萏念娇蕊。
img_88996	素手把芙蓉，虚步蹑太清。
img_88997	荷叶五寸荷花娇，贴波不碍画船摇
img_88998	画船撑入花深处，香泛金卮。
img_88999	自是荷花开较晚，孤负东风。
img_89000	绿竹含新粉，红莲落故衣。
img_89001	山有扶苏，隰有荷华。
img_89002	昔日芙蓉花，今成断根草。
img_89003	风风雨雨梨花，窄索帘栊，巧小窗纱。
img_89004	采莲南塘秋，莲花过人头。
img_89005	兴尽晚回舟，误入藕花深处。
img_89006	一朵芙蕖，开过尚盈盈。
img_89007	荷尽已无擎雨盖，菊残犹有傲霜枝。
img_89008	洞门高阁霭馀辉，桃李阴阴柳絮飞。
img_89009	桃李出深井，花艳惊上春。
img_89010	仙人琪树白无色，王母桃花小不香。
img_89011	小桃无主自开花，烟草茫茫带晓鸦。
img_89012	桃花嫣然出篱笑，似开未开最有情。
img_89013	开花必早落，桃李不如松。
img_89014	一帘红雨桃花谢，十里清阴柳影斜。
img_89015	桃花坞裏桃花庵，桃花庵裏桃花仙。
img_89016	烟水茫茫，千里斜阳暮。山无数。乱红如雨。
img_89017	桃花落。闲池阁。山盟虽在，锦书难托。
img_89018	有桃花红，李花白，菜花黄。
img_89019	兰溪三日桃花雨，半夜鲤鱼来上滩。
img_89020	不是花中偏爱菊，此花开尽更无花。
img_89021	犹有桃花流水上，无辞竹叶醉尊前。
img_89022	紫陌红尘拂面来，无人不道看花回。
img_89023	桃花仙人种桃树，又摘桃花换酒钱。
img_89024	桃花尽日随流水，洞在清溪何处边。
img_89025	犬吠水声中，桃花带露浓。
img_89026	百亩庭中半是苔，桃花净尽菜花开。
img_89027	玄都观里桃千树，尽是刘郎去后栽。
img_89028	洛阳城东桃李花，飞来飞去落谁家？
img_89029	颠狂柳絮随风去，轻薄桃花逐水流。
img_89030	桃花流水窅然去，别有天地非人间。
img_89031	汉寝唐陵无麦饭，山溪野径有梨花。
img_89032	桃花一簇开无主，可爱深红爱浅红。
img_89033	夜来能有几多寒，已瘦了梨花一半。
img_89034	强携酒小桥宅，怕梨花落尽成秋色。
img_89035	离恨远萦杨柳，梦魂长绕梨花。
img_89036	梨花最晚又凋零，何事归期无定准。
img_89037	莺莺燕燕分飞后，粉淡梨花瘦。
img_89038	他年我若为青帝，报与桃花一处开。
img_89039	澹月梨花，借梦来花边廊庑。
img_89040	月华今夜黑，全见梨花白。
img_89041	柳色黄金嫩，梨花白雪香。
img_89042	见梨花初带夜月，海棠半含朝雨。
img_89043	冷艳全欺雪，余香乍入衣。
img_89044	梨花淡白柳深青，柳絮飞时花满城。
img_89045	白锦无纹香烂漫，玉树琼葩堆雪。
img_89046	惆怅东栏一株雪，人生看得几清明。
img_89047	雪虐风饕愈凛然，花中气节最高坚。
img_89048	玉容寂寞泪阑干，梨花一枝春带雨。
img_89049	淡淡梅花香欲染，丝丝柳带露初干。
img_89050	冰骨清寒瘦一枝。玉人初上木兰时。
img_89051	桃之夭夭，灼灼其华。
img_89052	我家洗砚池边树，朵朵花开淡墨痕。
img_89053	来日绮窗前，寒梅著花未。
img_89054	众芳摇落独暄妍，占尽风情向小园。
img_89055	何方可化身千亿，一树梅花一放翁。
img_89056	遥知不是雪，为有暗香来。
img_89057	竹影和诗瘦，梅花入梦香。
img_89058	不要人夸颜色好，只留清气满乾坤。
img_89059	待到山花烂漫时，她在丛中笑。
img_89060	黄鹤楼中吹玉笛，江城五月落梅花。
img_89061	只愁飞诏下青冥。不应霜塞晚，横槊看诗成。
img_89062	独立扬新令，千营共一呼。
img_89063	平明日出东南地，满碛寒光生铁衣。
img_89064	军中宜剑舞，塞上重笳音。
img_89065	出塞入塞寒，处处黄芦草。
img_89066	汉将归来虏塞空，旌旗初下玉关东。
img_89067	君独不见长城下，死人骸骨相撑拄。
img_89068	零落成泥碾作尘，只有香如故。
img_89069	漠漠梨花烂漫，纷纷柳絮飞残。
img_89070	为君持酒劝斜阳，且向花间留晚照。
img_89071	痛饮狂歌空度日，飞扬跋扈为谁雄。
img_89072	天若不爱酒，酒星不在天。
img_89073	对酒当歌，人生几何！
img_89074	一壶酒，一竿身，快活如侬有几人。
img_89075	欲买桂花同载酒，终不似，少年游。
img_89076	采得百花成蜜后，为谁辛苦为谁甜。
img_89077	两人对酌山花开，一杯一杯复一杯。
img_89078	胡人吹笛戍楼间，楼上萧条海月闲。
img_89079	唤起封姨清晚景，更将荔子荐新圆。
img_89080	世间珍果更无加，玉雪肌肤罩绛纱。
img_89081	日啖荔枝三百颗，不辞长作岭南人。
img_89082	正蹇驴吟影，茶烟灶冷，酒亭门闭。
img_89083	待羔儿酒罢又烹茶，扬州鹤。
img_89084	呵笔难临帖，敲床且煮茶。
img_89085	当年曾胜赏，生香熏袖，活火分茶。
img_89086	酒阑更喜团茶苦，梦断偏宜瑞脑香。
img_89087	老去逢春如病酒，唯有，茶瓯香篆小帘栊。
img_89088	茶鼎熟，酒卮扬，醉来诗兴狂。
img_89089	琴里知闻唯渌水，茶中故旧是蒙山。
img_89090	矮纸斜行闲作草，晴窗细乳戏分茶。
img_89091	无由持一碗，寄与爱茶人。
img_89092	寒夜客来茶当酒，竹炉汤沸火初红。
img_89093	何以解忧？唯有杜康。
img_89094	金樽清酒斗十千，玉盘珍羞直万钱。
img_89095	艰难苦恨繁霜鬓，潦倒新停浊酒杯。
img_89096	醉翁之意不在酒，在乎山水之间也。
img_89097	一骑红尘妃子笑，无人知是荔枝来。
img_89098	葡萄美酒夜光杯，欲饮琵琶马上催。
img_89099	遇酒且呵呵，人生能几何！
img_89100	把酒祝东风。且共从容。
img_89101	松花酿酒，春水煎茶。
img_89102	绿蚁新醅酒，红泥小火炉。
img_89103	笑尽一杯酒，杀人都市中。
img_89104	落魄江南载酒行，楚腰纤细掌中轻。
img_89105	日日深杯酒满，朝朝小圃花开。
img_89106	酌酒与君君自宽，人情翻覆似波澜。
img_89107	今日斗酒会，明旦沟水头。
img_89108	对酒当歌，强乐还无味。
img_89109	不惜千金买宝刀，貂裘换酒也堪豪。
img_89110	商人重利轻别离，前月浮梁买茶去。
img_89111	呼儿将出换美酒，与尔同销万古愁。
img_89112	李白能诗复能酒，我今百杯复千首。
img_89113	下马饮君酒，问君何所之？
img_89114	飞光飞光，劝尔一杯酒。
img_89115	人生有酒须当醉，一滴何曾到九泉。
img_89116	白发戴花君莫笑，六幺催拍盏频传。
img_89117	拟把疏狂图一醉，对酒当歌，强乐还无味。
img_89118	花满渚，酒满瓯，万顷波中得自由。
img_89119	落花狼藉酒阑珊，笙歌醉梦间。
img_89120	云间连下榻，天上接行杯。
img_89121	酌酒会临泉水，抱琴好倚长松。
img_89122	谁知得酒尚能狂，脱帽向人时大叫。
img_89123	欲持一瓢酒，远慰风雨夕。
img_89124	无计奈情何，且醉金杯酒。
img_89125	贾傅松醪酒，秋来美更香。
img_89126	北斗酌美酒，劝龙各一觞。
img_89127	歌中醉倒谁能恨，唱罢归来酒未消。
img_89128	何时更杯酒，再得论心胸。
img_89129	鲁酒不可醉，齐歌空复情。
img_89130	把酒祝东风，且莫恁匆匆去。
img_89131	春酒香熟鲈鱼美，谁同醉？缆却扁舟篷底睡。
img_89132	感之欲叹息，对酒还自倾。
img_89133	春未来时，酒携不到千岩路。
img_89134	漉我新熟酒，只鸡招近局。
img_89135	莫辞盏酒十分劝，只恐风花一片飞。
img_89136	把酒对斜日，无语问西风。
img_89137	画船儿天边至，酒旗儿风外飐。
img_89138	奉君金卮之美酒，玳瑁玉匣之雕琴。
img_89139	戏马台南山簇簇，山边饮酒歌别曲。
img_89140	举觞酹先酒，为我驱忧烦。
img_89141	满罗衫是酒，香痕凝处，唾碧啼红相半。
img_89142	寿酒还尝药，晨餐不荐鱼。
img_89143	酒伴来相命，开尊共解酲。
img_89144	载酒春情，吹箫夜约，犹忆玉娇香软。
img_89145	零落栖迟一杯酒，主人奉觞客长寿。
img_89146	劝君终日酩酊醉，酒不到刘伶坟上土。
img_89147	琉璃钟，琥珀浓，小槽酒滴真珠红。
img_89148	杯酒相延，今夕不应慳。
img_89149	前度绿阴载酒，枝头色比舞裙同。
img_89150	停车数行日，劝酒问回期。
img_89151	几时能命驾，对酒落花前。
img_89152	酿泉为酒，泉香而酒洌
img_89153	遨欢任落风前帽，促饮争吹酒上花。
img_89154	酒阑歌罢玉尊空，青缸暗明灭。
img_89155	旧曲梅花唱，新正柏酒传。
img_89156	置酒长安道，同心与我违。
img_89157	鹔鹴换美酒，舞衣罢雕龙。
img_89158	料峭春寒中酒，交加晓梦啼莺。
img_89159	穗帷飘井干，樽酒若平生。
img_89160	谁问旗亭，美酒斗十千。
img_89161	摘青梅荐酒，甚残寒，犹怯苎萝衣。
img_89162	江南三月听莺天，买酒莫论钱。
img_89163	称是秦时避世人，劝酒相欢不知老。
img_89164	俯饮一杯酒，仰聆金玉章。
img_89165	杖剑对尊酒，耻为游子颜。
img_89166	何意更觞昌歜酒，为君击节一长歌。
img_89167	酒后竞风采，三杯弄宝刀。
img_89168	木兰舟上珠帘卷，歌声远，椰子酒倾鹦鹉盏。
img_89169	酒肆人间世，琴台日暮云。
img_89170	浅把涓涓酒，深凭送此生。
img_89171	恨无千日酒，空断九回肠。
img_89172	酌酒以自宽，举杯断绝歌路难。
img_89173	险韵诗成，扶头酒醒，别是闲滋味。
img_89174	何时一樽酒，重与细论文。
img_89175	主人有酒欢今夕，请奏鸣琴广陵客。
img_89176	酒美梅酸，恰称人怀抱。
img_89177	漫惹炉烟双袖紫，空将酒晕一衫青。
img_89178	为我引杯添酒饮，与君把箸击盘歌。
img_89179	易醉扶头酒，难逢敌手棋。
img_89180	不怕风狂雨骤，恰才称，煮酒笺花。
img_89181	小酌酒巡销永夜，大开口笑送残年。
img_89182	酒已都醒，如何消夜永！
img_89183	穷愁千万端，美酒三百杯。
img_89184	一杯酒，问何似，身后名？
img_89185	山远近，路横斜，青旗沽酒有人家。
img_89186	春江花朝秋月夜，往往取酒还独倾。
img_89187	烹羊宰牛且为乐，会须一饮三百杯。
img_89188	饮酒莫辞醉，醉多适不愁。
img_89189	强欲登高去，无人送酒来。
img_89190	酒盈杯，书满架，名利不将心挂。
img_89191	数亩荒园留我住，半瓶浊酒待君温。
img_89192	得欢当作乐，斗酒聚比邻。
img_89193	晚来天欲雪，能饮一杯无？
img_89194	珍重主人心，酒深情亦深。
img_89195	复值接舆醉，狂歌五柳前。
img_89196	笑杀陶渊明，不饮杯中酒。
img_89197	今日听君歌一曲，暂凭杯酒长精神。
img_89198	且乐生前一杯酒，何须身后千载名？
img_89199	绿酒初尝人易醉。一枕小窗浓睡。
img_89200	老人七十仍沽酒，千壶百瓮花门口。
img_89201	欢言得所憩，美酒聊共挥。
img_89202	道傍榆荚仍似钱，摘来沽酒君肯否。
img_89203	中军置酒饮归客，胡琴琵琶与羌笛。
